customer_id,feedback,comment,date
708,ğŸ˜,Okay service,2023-11-21
916,ğŸ˜Š,Good service,2023-12-06
441,ğŸ˜,Okay service,2023-10-05
538,ğŸ˜Š,Good service,2024-02-01
600,ğŸ˜,Excellent experience,2023-11-07
564,ğŸ˜Š,Good service,2023-08-17
626,ğŸ˜,Okay service,2024-03-05
405,ğŸ˜Ÿ,Not satisfied,2024-04-26
475,ğŸ˜Š,Good service,2023-08-23
790,ğŸ˜Ÿ,Not satisfied,2023-08-04
903,ğŸ˜¡,Terrible experience,2023-07-30
48,ğŸ˜,Okay service,2024-04-17
277,ğŸ˜,Okay service,2024-05-27
61,ğŸ˜¡,Terrible experience,2023-06-29
524,ğŸ˜Š,Good service,2024-04-03
131,ğŸ˜Ÿ,Not satisfied,2023-11-01
134,ğŸ˜¡,Terrible experience,2024-05-10
615,ğŸ˜Ÿ,Not satisfied,2023-12-13
564,ğŸ˜Ÿ,Not satisfied,2024-01-09
699,ğŸ˜,Excellent experience,2023-10-20
138,ğŸ˜Š,Good service,2023-07-01
872,ğŸ˜,Excellent experience,2023-11-29
893,ğŸ˜Š,Good service,2023-07-24
692,ğŸ˜¡,Terrible experience,2024-05-23
615,ğŸ˜Ÿ,Not satisfied,2024-04-09
811,ğŸ˜Š,Good service,2024-02-15
713,ğŸ˜,Okay service,2023-07-10
745,ğŸ˜,Okay service,2024-01-22
82,ğŸ˜¡,Terrible experience,2023-08-23
22,ğŸ˜Ÿ,Not satisfied,2023-07-21
717,ğŸ˜¡,Terrible experience,2024-01-14
183,ğŸ˜¡,Terrible experience,2023-09-29
787,ğŸ˜Ÿ,Not satisfied,2024-04-14
368,ğŸ˜¡,Terrible experience,2023-10-25
459,ğŸ˜Ÿ,Not satisfied,2024-03-25
941,ğŸ˜Š,Good service,2024-01-01
826,ğŸ˜¡,Terrible experience,2023-12-28
512,ğŸ˜,Okay service,2023-07-11
931,ğŸ˜Š,Good service,2024-06-09
546,ğŸ˜Š,Good service,2024-01-30
634,ğŸ˜,Excellent experience,2024-02-05
960,ğŸ˜,Okay service,2023-10-17
681,ğŸ˜Ÿ,Not satisfied,2023-06-18
84,ğŸ˜,Okay service,2024-02-17
502,ğŸ˜,Excellent experience,2024-03-27
566,ğŸ˜Ÿ,Not satisfied,2023-10-06
582,ğŸ˜Š,Good service,2023-08-28
843,ğŸ˜Š,Good service,2024-04-21
345,ğŸ˜Š,Good service,2023-12-14
263,ğŸ˜Ÿ,Not satisfied,2023-10-12
761,ğŸ˜Š,Good service,2024-03-29
222,ğŸ˜¡,Terrible experience,2023-06-26
959,ğŸ˜Š,Good service,2024-05-11
174,ğŸ˜Ÿ,Not satisfied,2023-09-05
432,ğŸ˜¡,Terrible experience,2024-04-07
308,ğŸ˜¡,Terrible experience,2023-10-18
467,ğŸ˜Š,Good service,2023-11-26
611,ğŸ˜¡,Terrible experience,2024-04-20
788,ğŸ˜,Excellent experience,2023-07-29
589,ğŸ˜Š,Good service,2024-02-26
654,ğŸ˜Š,Good service,2023-12-05
407,ğŸ˜Ÿ,Not satisfied,2023-10-30
105,ğŸ˜,Excellent experience,2024-05-08
305,ğŸ˜Ÿ,Not satisfied,2023-09-26
435,ğŸ˜,Okay service,2023-07-28
327,ğŸ˜Ÿ,Not satisfied,2023-11-22
532,ğŸ˜,Excellent experience,2023-09-04
322,ğŸ˜,Okay service,2023-09-21
796,ğŸ˜¡,Terrible experience,2023-07-17
619,ğŸ˜Ÿ,Not satisfied,2024-05-15
781,ğŸ˜Š,Good service,2024-04-01
666,ğŸ˜,Excellent experience,2023-07-30
974,ğŸ˜¡,Terrible experience,2024-02-07
50,ğŸ˜,Okay service,2023-11-17
361,ğŸ˜¡,Terrible experience,2024-05-27
341,ğŸ˜,Okay service,2024-02-26
50,ğŸ˜Ÿ,Not satisfied,2023-12-09
265,ğŸ˜,Okay service,2023-07-24
980,ğŸ˜¡,Terrible experience,2023-12-08
247,ğŸ˜Ÿ,Not satisfied,2024-01-11
578,ğŸ˜,Okay service,2024-02-16
49,ğŸ˜Š,Good service,2023-12-16
552,ğŸ˜¡,Terrible experience,2024-03-11
760,ğŸ˜,Excellent experience,2023-06-23
901,ğŸ˜Ÿ,Not satisfied,2024-03-24
476,ğŸ˜¡,Terrible experience,2023-12-24
317,ğŸ˜,Excellent experience,2024-05-04
86,ğŸ˜¡,Terrible experience,2023-06-20
474,ğŸ˜,Excellent experience,2023-07-07
321,ğŸ˜¡,Terrible experience,2024-04-02
267,ğŸ˜Š,Good service,2023-10-07
952,ğŸ˜¡,Terrible experience,2023-12-06
929,ğŸ˜,Excellent experience,2023-11-29
971,ğŸ˜,Okay service,2024-01-10
905,ğŸ˜Š,Good service,2024-04-17
292,ğŸ˜Ÿ,Not satisfied,2023-12-06
635,ğŸ˜,Excellent experience,2024-05-20
852,ğŸ˜¡,Terrible experience,2023-09-15
119,ğŸ˜¡,Terrible experience,2023-06-16
529,ğŸ˜,Okay service,2023-08-13
305,ğŸ˜Ÿ,Not satisfied,2024-03-26
178,ğŸ˜Š,Good service,2024-01-05
509,ğŸ˜¡,Terrible experience,2023-09-17
89,ğŸ˜,Excellent experience,2024-01-20
935,ğŸ˜,Excellent experience,2024-04-04
34,ğŸ˜Š,Good service,2023-08-31
125,ğŸ˜,Okay service,2023-10-07
32,ğŸ˜¡,Terrible experience,2023-12-16
888,ğŸ˜Ÿ,Not satisfied,2023-08-27
944,ğŸ˜Ÿ,Not satisfied,2023-08-13
810,ğŸ˜Š,Good service,2023-12-20
373,ğŸ˜,Excellent experience,2024-04-27
942,ğŸ˜Ÿ,Not satisfied,2024-03-15
610,ğŸ˜,Excellent experience,2024-06-01
912,ğŸ˜Š,Good service,2023-08-17
5,ğŸ˜¡,Terrible experience,2024-06-04
942,ğŸ˜,Okay service,2024-04-30
116,ğŸ˜,Okay service,2023-12-05
383,ğŸ˜¡,Terrible experience,2023-10-19
417,ğŸ˜¡,Terrible experience,2024-01-03
594,ğŸ˜,Okay service,2024-05-17
957,ğŸ˜,Excellent experience,2023-09-16
545,ğŸ˜Ÿ,Not satisfied,2023-09-23
904,ğŸ˜Ÿ,Not satisfied,2024-04-20
329,ğŸ˜Š,Good service,2023-10-29
593,ğŸ˜,Okay service,2023-08-24
916,ğŸ˜¡,Terrible experience,2024-01-04
422,ğŸ˜Ÿ,Not satisfied,2024-04-09
544,ğŸ˜,Excellent experience,2024-01-20
127,ğŸ˜,Excellent experience,2024-04-27
373,ğŸ˜¡,Terrible experience,2024-03-05
330,ğŸ˜Š,Good service,2024-01-01
748,ğŸ˜,Okay service,2023-12-28
333,ğŸ˜Š,Good service,2024-02-09
810,ğŸ˜Š,Good service,2023-12-23
948,ğŸ˜¡,Terrible experience,2024-04-24
384,ğŸ˜Ÿ,Not satisfied,2023-12-27
133,ğŸ˜,Okay service,2024-01-04
593,ğŸ˜,Excellent experience,2024-04-22
551,ğŸ˜,Okay service,2023-09-13
961,ğŸ˜,Excellent experience,2024-04-28
888,ğŸ˜,Excellent experience,2023-11-07
621,ğŸ˜Š,Good service,2023-08-06
244,ğŸ˜Ÿ,Not satisfied,2024-03-26
146,ğŸ˜,Okay service,2023-09-21
767,ğŸ˜,Okay service,2024-03-09
76,ğŸ˜,Excellent experience,2024-06-08
274,ğŸ˜Š,Good service,2024-01-21
453,ğŸ˜,Excellent experience,2024-04-04
597,ğŸ˜¡,Terrible experience,2023-12-24
176,ğŸ˜Š,Good service,2024-01-14
50,ğŸ˜,Okay service,2024-06-03
84,ğŸ˜Š,Good service,2024-05-26
903,ğŸ˜,Excellent experience,2023-10-24
557,ğŸ˜,Okay service,2023-06-16
999,ğŸ˜Ÿ,Not satisfied,2024-06-14
315,ğŸ˜¡,Terrible experience,2023-10-29
424,ğŸ˜,Excellent experience,2024-01-29
573,ğŸ˜¡,Terrible experience,2023-10-03
24,ğŸ˜¡,Terrible experience,2024-02-28
618,ğŸ˜Š,Good service,2024-03-18
223,ğŸ˜,Okay service,2024-04-30
481,ğŸ˜Ÿ,Not satisfied,2023-08-22
696,ğŸ˜Ÿ,Not satisfied,2024-05-25
564,ğŸ˜,Excellent experience,2023-06-30
383,ğŸ˜¡,Terrible experience,2023-11-08
867,ğŸ˜Š,Good service,2024-06-09
433,ğŸ˜Ÿ,Not satisfied,2024-03-20
835,ğŸ˜¡,Terrible experience,2023-06-26
481,ğŸ˜Ÿ,Not satisfied,2023-11-11
657,ğŸ˜¡,Terrible experience,2023-08-27
320,ğŸ˜,Okay service,2023-07-28
509,ğŸ˜,Okay service,2024-03-12
175,ğŸ˜Š,Good service,2023-06-28
121,ğŸ˜Ÿ,Not satisfied,2024-06-02
299,ğŸ˜¡,Terrible experience,2023-11-23
142,ğŸ˜¡,Terrible experience,2023-06-20
944,ğŸ˜Ÿ,Not satisfied,2023-08-19
624,ğŸ˜Ÿ,Not satisfied,2023-09-17
899,ğŸ˜Š,Good service,2024-02-09
219,ğŸ˜,Excellent experience,2023-10-15
949,ğŸ˜,Okay service,2024-04-20
45,ğŸ˜Ÿ,Not satisfied,2023-07-01
97,ğŸ˜Ÿ,Not satisfied,2023-12-03
350,ğŸ˜,Okay service,2024-05-30
303,ğŸ˜Ÿ,Not satisfied,2023-09-24
418,ğŸ˜Ÿ,Not satisfied,2024-03-10
203,ğŸ˜Ÿ,Not satisfied,2024-05-17
441,ğŸ˜,Excellent experience,2024-01-20
886,ğŸ˜Ÿ,Not satisfied,2024-03-12
133,ğŸ˜Ÿ,Not satisfied,2023-11-16
84,ğŸ˜Š,Good service,2023-10-16
650,ğŸ˜Š,Good service,2023-10-31
841,ğŸ˜,Okay service,2023-07-08
429,ğŸ˜,Okay service,2023-07-07
451,ğŸ˜,Excellent experience,2023-10-02
438,ğŸ˜,Okay service,2024-01-19
332,ğŸ˜Ÿ,Not satisfied,2023-08-26
87,ğŸ˜¡,Terrible experience,2023-12-20
335,ğŸ˜Ÿ,Not satisfied,2023-10-14
676,ğŸ˜,Excellent experience,2023-12-10
907,ğŸ˜,Excellent experience,2024-06-04
876,ğŸ˜,Excellent experience,2023-11-24
876,ğŸ˜Ÿ,Not satisfied,2023-12-26
137,ğŸ˜Š,Good service,2024-04-07
718,ğŸ˜¡,Terrible experience,2024-03-12
36,ğŸ˜Š,Good service,2024-02-21
787,ğŸ˜¡,Terrible experience,2023-12-01
764,ğŸ˜,Excellent experience,2023-10-27
514,ğŸ˜Ÿ,Not satisfied,2024-04-14
173,ğŸ˜¡,Terrible experience,2024-03-12
528,ğŸ˜Ÿ,Not satisfied,2023-12-18
448,ğŸ˜¡,Terrible experience,2023-12-21
50,ğŸ˜,Excellent experience,2024-04-17
589,ğŸ˜,Excellent experience,2023-06-29
786,ğŸ˜Š,Good service,2023-11-30
105,ğŸ˜¡,Terrible experience,2024-02-23
919,ğŸ˜Ÿ,Not satisfied,2023-11-01
990,ğŸ˜,Okay service,2024-02-09
780,ğŸ˜¡,Terrible experience,2024-05-08
290,ğŸ˜Ÿ,Not satisfied,2024-01-31
505,ğŸ˜Ÿ,Not satisfied,2024-05-17
670,ğŸ˜,Okay service,2023-07-31
952,ğŸ˜Ÿ,Not satisfied,2024-03-02
174,ğŸ˜Ÿ,Not satisfied,2023-06-22
629,ğŸ˜Ÿ,Not satisfied,2023-09-27
960,ğŸ˜¡,Terrible experience,2024-02-16
382,ğŸ˜¡,Terrible experience,2023-12-13
519,ğŸ˜Š,Good service,2023-09-08
181,ğŸ˜Ÿ,Not satisfied,2024-01-09
903,ğŸ˜,Okay service,2024-03-08
975,ğŸ˜,Okay service,2024-02-24
733,ğŸ˜Š,Good service,2024-06-05
802,ğŸ˜,Excellent experience,2024-04-13
812,ğŸ˜,Okay service,2023-11-12
213,ğŸ˜Š,Good service,2024-03-11
367,ğŸ˜,Okay service,2023-10-31
39,ğŸ˜,Excellent experience,2023-12-24
999,ğŸ˜¡,Terrible experience,2023-07-22
931,ğŸ˜,Excellent experience,2023-08-24
175,ğŸ˜¡,Terrible experience,2023-07-20
376,ğŸ˜Š,Good service,2023-09-04
990,ğŸ˜¡,Terrible experience,2023-07-15
612,ğŸ˜¡,Terrible experience,2023-06-17
187,ğŸ˜Š,Good service,2024-02-03
929,ğŸ˜Ÿ,Not satisfied,2023-12-18
251,ğŸ˜¡,Terrible experience,2023-12-22
763,ğŸ˜Ÿ,Not satisfied,2024-04-23
980,ğŸ˜,Excellent experience,2024-06-13
460,ğŸ˜¡,Terrible experience,2023-10-08
238,ğŸ˜,Okay service,2023-12-15
341,ğŸ˜,Excellent experience,2023-11-10
66,ğŸ˜,Okay service,2023-07-11
221,ğŸ˜¡,Terrible experience,2024-06-09
506,ğŸ˜Š,Good service,2023-10-30
51,ğŸ˜,Excellent experience,2024-04-15
799,ğŸ˜Š,Good service,2023-07-19
691,ğŸ˜Ÿ,Not satisfied,2023-10-29
776,ğŸ˜Ÿ,Not satisfied,2023-06-28
73,ğŸ˜¡,Terrible experience,2024-06-09
945,ğŸ˜,Okay service,2023-11-27
564,ğŸ˜,Excellent experience,2023-08-29
75,ğŸ˜,Okay service,2024-02-11
950,ğŸ˜Š,Good service,2023-08-20
717,ğŸ˜Š,Good service,2023-06-15
144,ğŸ˜¡,Terrible experience,2023-09-22
559,ğŸ˜,Excellent experience,2023-10-14
638,ğŸ˜¡,Terrible experience,2024-03-14
443,ğŸ˜Ÿ,Not satisfied,2023-09-01
212,ğŸ˜,Excellent experience,2023-10-15
955,ğŸ˜¡,Terrible experience,2023-06-19
96,ğŸ˜,Okay service,2024-03-14
715,ğŸ˜,Excellent experience,2023-09-15
126,ğŸ˜Ÿ,Not satisfied,2023-09-12
783,ğŸ˜¡,Terrible experience,2023-11-04
599,ğŸ˜,Okay service,2024-02-23
800,ğŸ˜Š,Good service,2023-08-18
109,ğŸ˜,Excellent experience,2023-08-10
984,ğŸ˜Š,Good service,2023-07-13
688,ğŸ˜Ÿ,Not satisfied,2023-08-16
327,ğŸ˜Š,Good service,2024-01-16
833,ğŸ˜,Excellent experience,2023-11-04
143,ğŸ˜,Excellent experience,2023-11-14
233,ğŸ˜,Excellent experience,2023-12-20
360,ğŸ˜Ÿ,Not satisfied,2024-05-01
427,ğŸ˜,Excellent experience,2023-12-18
77,ğŸ˜Š,Good service,2024-04-08
428,ğŸ˜,Okay service,2023-10-30
3,ğŸ˜,Okay service,2024-03-08
902,ğŸ˜Ÿ,Not satisfied,2024-05-06
684,ğŸ˜,Excellent experience,2023-07-09
478,ğŸ˜,Excellent experience,2023-09-24
769,ğŸ˜Ÿ,Not satisfied,2024-03-11
496,ğŸ˜Ÿ,Not satisfied,2024-05-17
852,ğŸ˜Š,Good service,2024-02-22
158,ğŸ˜,Okay service,2024-05-31
834,ğŸ˜¡,Terrible experience,2024-06-07
933,ğŸ˜,Excellent experience,2023-10-03
719,ğŸ˜Ÿ,Not satisfied,2023-10-23
372,ğŸ˜¡,Terrible experience,2024-03-06
827,ğŸ˜,Okay service,2023-12-17
361,ğŸ˜,Okay service,2024-04-13
41,ğŸ˜¡,Terrible experience,2023-11-15
382,ğŸ˜¡,Terrible experience,2024-03-08
380,ğŸ˜Ÿ,Not satisfied,2023-07-27
185,ğŸ˜Ÿ,Not satisfied,2024-02-06
536,ğŸ˜,Excellent experience,2023-07-16
939,ğŸ˜Š,Good service,2023-09-04
861,ğŸ˜¡,Terrible experience,2024-05-21
971,ğŸ˜¡,Terrible experience,2024-04-19
898,ğŸ˜¡,Terrible experience,2023-11-14
766,ğŸ˜¡,Terrible experience,2023-11-08
119,ğŸ˜,Okay service,2023-07-10
755,ğŸ˜¡,Terrible experience,2024-03-01
795,ğŸ˜Ÿ,Not satisfied,2024-01-29
768,ğŸ˜Ÿ,Not satisfied,2023-10-12
350,ğŸ˜Š,Good service,2023-07-21
931,ğŸ˜Ÿ,Not satisfied,2023-12-21
591,ğŸ˜,Okay service,2024-03-28
63,ğŸ˜,Okay service,2023-09-16
745,ğŸ˜,Excellent experience,2024-01-01
800,ğŸ˜,Excellent experience,2024-04-09
111,ğŸ˜Š,Good service,2023-10-04
828,ğŸ˜,Excellent experience,2024-05-10
633,ğŸ˜¡,Terrible experience,2023-08-11
754,ğŸ˜,Excellent experience,2024-03-12
912,ğŸ˜,Okay service,2024-03-02
37,ğŸ˜¡,Terrible experience,2023-09-10
408,ğŸ˜Ÿ,Not satisfied,2023-12-09
958,ğŸ˜,Okay service,2024-06-14
492,ğŸ˜,Excellent experience,2024-01-11
856,ğŸ˜Š,Good service,2024-01-01
123,ğŸ˜Ÿ,Not satisfied,2024-03-23
275,ğŸ˜¡,Terrible experience,2023-08-13
798,ğŸ˜¡,Terrible experience,2024-02-19
940,ğŸ˜¡,Terrible experience,2023-08-30
662,ğŸ˜,Excellent experience,2024-06-10
623,ğŸ˜,Okay service,2023-09-20
63,ğŸ˜Š,Good service,2023-07-27
413,ğŸ˜Š,Good service,2024-04-01
397,ğŸ˜¡,Terrible experience,2023-07-04
204,ğŸ˜,Okay service,2024-01-20
47,ğŸ˜¡,Terrible experience,2023-09-13
30,ğŸ˜,Okay service,2023-07-24
940,ğŸ˜¡,Terrible experience,2024-04-23
709,ğŸ˜,Okay service,2024-03-25
25,ğŸ˜Š,Good service,2023-12-07
606,ğŸ˜Ÿ,Not satisfied,2023-09-28
580,ğŸ˜,Excellent experience,2023-12-31
976,ğŸ˜¡,Terrible experience,2023-08-25
606,ğŸ˜,Okay service,2024-03-07
11,ğŸ˜,Okay service,2023-09-03
352,ğŸ˜Š,Good service,2024-05-09
920,ğŸ˜,Okay service,2023-07-29
989,ğŸ˜,Okay service,2023-10-19
86,ğŸ˜¡,Terrible experience,2023-12-19
354,ğŸ˜¡,Terrible experience,2023-09-21
897,ğŸ˜Ÿ,Not satisfied,2023-12-22
511,ğŸ˜,Excellent experience,2023-09-28
669,ğŸ˜,Excellent experience,2023-07-05
571,ğŸ˜,Excellent experience,2024-03-24
315,ğŸ˜,Okay service,2024-05-24
862,ğŸ˜Ÿ,Not satisfied,2023-12-22
135,ğŸ˜Ÿ,Not satisfied,2023-07-01
267,ğŸ˜,Okay service,2024-01-30
476,ğŸ˜,Excellent experience,2023-09-04
209,ğŸ˜,Okay service,2023-07-20
29,ğŸ˜,Excellent experience,2023-11-29
906,ğŸ˜Ÿ,Not satisfied,2024-04-03
915,ğŸ˜,Excellent experience,2023-07-18
412,ğŸ˜¡,Terrible experience,2024-03-19
559,ğŸ˜¡,Terrible experience,2024-03-27
478,ğŸ˜,Excellent experience,2024-01-16
348,ğŸ˜Š,Good service,2023-07-02
228,ğŸ˜,Excellent experience,2023-12-14
574,ğŸ˜¡,Terrible experience,2024-06-03
588,ğŸ˜,Excellent experience,2023-12-15
585,ğŸ˜,Okay service,2024-03-07
562,ğŸ˜,Okay service,2023-11-20
603,ğŸ˜,Excellent experience,2023-12-13
719,ğŸ˜,Okay service,2024-03-27
553,ğŸ˜¡,Terrible experience,2024-02-05
747,ğŸ˜,Excellent experience,2023-11-07
277,ğŸ˜Š,Good service,2024-01-24
371,ğŸ˜,Excellent experience,2024-01-18
945,ğŸ˜,Excellent experience,2023-12-30
968,ğŸ˜,Excellent experience,2024-01-14
428,ğŸ˜¡,Terrible experience,2023-10-27
456,ğŸ˜Š,Good service,2023-10-29
128,ğŸ˜,Excellent experience,2023-07-26
463,ğŸ˜Ÿ,Not satisfied,2024-04-05
74,ğŸ˜Ÿ,Not satisfied,2023-06-28
281,ğŸ˜Ÿ,Not satisfied,2024-02-05
397,ğŸ˜Š,Good service,2024-04-24
474,ğŸ˜Š,Good service,2024-05-12
726,ğŸ˜Ÿ,Not satisfied,2024-01-31
130,ğŸ˜¡,Terrible experience,2024-06-12
958,ğŸ˜¡,Terrible experience,2024-06-06
895,ğŸ˜Ÿ,Not satisfied,2023-07-31
484,ğŸ˜Š,Good service,2024-01-12
279,ğŸ˜¡,Terrible experience,2023-07-19
618,ğŸ˜Ÿ,Not satisfied,2024-01-26
73,ğŸ˜Ÿ,Not satisfied,2024-02-07
974,ğŸ˜,Excellent experience,2023-07-02
222,ğŸ˜Ÿ,Not satisfied,2024-01-03
784,ğŸ˜¡,Terrible experience,2023-07-07
206,ğŸ˜,Excellent experience,2023-09-22
645,ğŸ˜Ÿ,Not satisfied,2023-08-08
985,ğŸ˜,Okay service,2023-11-04
315,ğŸ˜¡,Terrible experience,2024-02-24
566,ğŸ˜,Okay service,2024-03-16
983,ğŸ˜,Okay service,2023-10-19
394,ğŸ˜,Okay service,2023-10-28
795,ğŸ˜,Okay service,2023-11-04
77,ğŸ˜,Excellent experience,2024-04-07
751,ğŸ˜Ÿ,Not satisfied,2024-04-27
36,ğŸ˜Š,Good service,2024-03-14
450,ğŸ˜,Excellent experience,2023-08-03
619,ğŸ˜,Excellent experience,2024-06-11
739,ğŸ˜¡,Terrible experience,2024-04-27
729,ğŸ˜,Okay service,2024-02-29
986,ğŸ˜Š,Good service,2023-06-30
425,ğŸ˜,Okay service,2024-06-01
158,ğŸ˜,Okay service,2024-04-26
236,ğŸ˜Š,Good service,2024-03-05
724,ğŸ˜,Okay service,2024-04-02
830,ğŸ˜,Excellent experience,2023-08-27
488,ğŸ˜Ÿ,Not satisfied,2024-01-23
554,ğŸ˜,Excellent experience,2023-12-12
646,ğŸ˜Ÿ,Not satisfied,2023-12-17
241,ğŸ˜¡,Terrible experience,2023-12-17
911,ğŸ˜Ÿ,Not satisfied,2023-12-02
517,ğŸ˜,Okay service,2024-05-29
882,ğŸ˜Ÿ,Not satisfied,2024-04-30
773,ğŸ˜¡,Terrible experience,2023-07-09
997,ğŸ˜¡,Terrible experience,2023-07-08
322,ğŸ˜Š,Good service,2023-10-01
85,ğŸ˜¡,Terrible experience,2024-05-10
324,ğŸ˜,Excellent experience,2023-06-21
505,ğŸ˜,Excellent experience,2024-02-20
856,ğŸ˜,Okay service,2024-02-05
506,ğŸ˜,Okay service,2024-05-24
922,ğŸ˜Š,Good service,2024-03-03
224,ğŸ˜Š,Good service,2023-07-08
868,ğŸ˜,Okay service,2023-12-26
350,ğŸ˜,Okay service,2023-06-21
900,ğŸ˜,Excellent experience,2023-08-17
666,ğŸ˜,Okay service,2023-09-27
195,ğŸ˜,Okay service,2023-09-10
968,ğŸ˜Ÿ,Not satisfied,2024-04-24
545,ğŸ˜Ÿ,Not satisfied,2024-03-24
939,ğŸ˜,Okay service,2024-05-16
414,ğŸ˜,Okay service,2023-08-06
248,ğŸ˜,Excellent experience,2024-01-27
709,ğŸ˜,Excellent experience,2024-01-23
958,ğŸ˜Š,Good service,2023-06-17
970,ğŸ˜¡,Terrible experience,2023-12-02
821,ğŸ˜,Excellent experience,2023-10-22
31,ğŸ˜,Okay service,2023-11-26
629,ğŸ˜Ÿ,Not satisfied,2023-11-02
401,ğŸ˜Ÿ,Not satisfied,2024-02-01
817,ğŸ˜Š,Good service,2024-06-06
511,ğŸ˜¡,Terrible experience,2023-12-22
43,ğŸ˜,Okay service,2023-10-20
916,ğŸ˜¡,Terrible experience,2024-05-31
393,ğŸ˜Š,Good service,2024-05-08
984,ğŸ˜Ÿ,Not satisfied,2023-09-20
389,ğŸ˜¡,Terrible experience,2023-08-15
933,ğŸ˜,Okay service,2023-10-06
945,ğŸ˜,Excellent experience,2023-08-17
820,ğŸ˜Š,Good service,2023-11-02
957,ğŸ˜Ÿ,Not satisfied,2024-02-13
68,ğŸ˜,Excellent experience,2024-05-27
633,ğŸ˜Ÿ,Not satisfied,2023-08-06
37,ğŸ˜,Excellent experience,2024-03-26
705,ğŸ˜Ÿ,Not satisfied,2023-09-01
127,ğŸ˜,Okay service,2023-12-06
435,ğŸ˜Š,Good service,2023-10-15
130,ğŸ˜,Excellent experience,2023-08-09
833,ğŸ˜Ÿ,Not satisfied,2023-06-25
512,ğŸ˜¡,Terrible experience,2023-09-18
302,ğŸ˜Š,Good service,2024-01-08
158,ğŸ˜,Excellent experience,2024-02-16
484,ğŸ˜,Okay service,2023-08-18
443,ğŸ˜,Okay service,2024-02-22
261,ğŸ˜,Excellent experience,2023-06-29
66,ğŸ˜,Okay service,2023-08-03
559,ğŸ˜Š,Good service,2023-09-11
301,ğŸ˜Ÿ,Not satisfied,2023-09-27
827,ğŸ˜Š,Good service,2023-12-09
847,ğŸ˜Ÿ,Not satisfied,2023-10-13
930,ğŸ˜Ÿ,Not satisfied,2023-12-09
762,ğŸ˜,Okay service,2024-06-08
500,ğŸ˜,Excellent experience,2023-09-10
218,ğŸ˜,Okay service,2024-01-04
562,ğŸ˜,Excellent experience,2023-09-26
867,ğŸ˜,Okay service,2024-06-02
118,ğŸ˜Š,Good service,2023-12-18
63,ğŸ˜Š,Good service,2024-01-01
690,ğŸ˜,Excellent experience,2024-05-18
343,ğŸ˜,Okay service,2023-09-20
483,ğŸ˜¡,Terrible experience,2024-03-02
856,ğŸ˜,Okay service,2023-07-07
295,ğŸ˜,Okay service,2023-10-25
971,ğŸ˜,Excellent experience,2023-10-17
73,ğŸ˜¡,Terrible experience,2023-07-31
713,ğŸ˜Ÿ,Not satisfied,2023-09-12
885,ğŸ˜Š,Good service,2023-08-14
845,ğŸ˜,Excellent experience,2023-07-12
115,ğŸ˜Ÿ,Not satisfied,2024-02-21
61,ğŸ˜,Okay service,2024-01-22
242,ğŸ˜¡,Terrible experience,2023-06-23
352,ğŸ˜,Excellent experience,2024-06-07
669,ğŸ˜¡,Terrible experience,2023-11-11
895,ğŸ˜¡,Terrible experience,2023-11-22
480,ğŸ˜Š,Good service,2023-10-21
475,ğŸ˜,Okay service,2023-11-05
153,ğŸ˜¡,Terrible experience,2023-11-01
111,ğŸ˜Ÿ,Not satisfied,2023-07-10
993,ğŸ˜,Excellent experience,2023-07-27
383,ğŸ˜Ÿ,Not satisfied,2024-02-15
553,ğŸ˜Ÿ,Not satisfied,2023-07-09
189,ğŸ˜¡,Terrible experience,2024-05-23
81,ğŸ˜,Okay service,2023-11-03
866,ğŸ˜,Excellent experience,2024-01-07
936,ğŸ˜Š,Good service,2024-04-07
466,ğŸ˜,Okay service,2024-05-26
947,ğŸ˜Š,Good service,2023-10-31
237,ğŸ˜Š,Good service,2023-10-14
112,ğŸ˜Ÿ,Not satisfied,2024-01-03
144,ğŸ˜Ÿ,Not satisfied,2023-10-05
498,ğŸ˜Š,Good service,2023-11-07
628,ğŸ˜,Okay service,2024-02-24
476,ğŸ˜Š,Good service,2023-10-03
527,ğŸ˜¡,Terrible experience,2024-05-19
746,ğŸ˜,Okay service,2024-05-23
684,ğŸ˜,Excellent experience,2024-05-05
919,ğŸ˜¡,Terrible experience,2023-11-09
32,ğŸ˜Ÿ,Not satisfied,2024-04-28
923,ğŸ˜¡,Terrible experience,2023-10-06
455,ğŸ˜Ÿ,Not satisfied,2024-01-13
72,ğŸ˜,Excellent experience,2023-07-05
490,ğŸ˜Š,Good service,2024-06-07
128,ğŸ˜Š,Good service,2024-02-21
430,ğŸ˜¡,Terrible experience,2024-02-23
783,ğŸ˜,Okay service,2024-04-02
166,ğŸ˜¡,Terrible experience,2023-07-09
193,ğŸ˜¡,Terrible experience,2024-03-16
801,ğŸ˜Š,Good service,2023-09-27
596,ğŸ˜,Okay service,2023-09-04
728,ğŸ˜¡,Terrible experience,2024-05-09
463,ğŸ˜Ÿ,Not satisfied,2023-09-25
75,ğŸ˜,Okay service,2023-12-23
366,ğŸ˜,Okay service,2023-11-16
537,ğŸ˜Ÿ,Not satisfied,2023-12-12
300,ğŸ˜Ÿ,Not satisfied,2023-10-13
522,ğŸ˜Ÿ,Not satisfied,2023-06-15
895,ğŸ˜Š,Good service,2023-12-15
740,ğŸ˜,Excellent experience,2023-07-21
625,ğŸ˜Š,Good service,2024-01-08
313,ğŸ˜Š,Good service,2023-12-27
450,ğŸ˜,Excellent experience,2023-08-26
642,ğŸ˜Ÿ,Not satisfied,2023-08-30
378,ğŸ˜Ÿ,Not satisfied,2024-02-03
277,ğŸ˜Ÿ,Not satisfied,2023-11-25
727,ğŸ˜,Okay service,2024-03-17
734,ğŸ˜,Okay service,2023-08-01
796,ğŸ˜Ÿ,Not satisfied,2023-09-16
356,ğŸ˜Ÿ,Not satisfied,2024-04-21
230,ğŸ˜Š,Good service,2024-05-15
108,ğŸ˜,Excellent experience,2024-01-24
116,ğŸ˜,Excellent experience,2023-10-09
18,ğŸ˜,Excellent experience,2023-08-21
529,ğŸ˜,Okay service,2023-08-26
716,ğŸ˜,Excellent experience,2023-07-24
69,ğŸ˜¡,Terrible experience,2023-10-23
753,ğŸ˜,Okay service,2023-12-28
683,ğŸ˜Š,Good service,2023-06-19
727,ğŸ˜,Excellent experience,2023-08-31
112,ğŸ˜,Excellent experience,2024-03-20
780,ğŸ˜¡,Terrible experience,2023-09-13
322,ğŸ˜Ÿ,Not satisfied,2024-04-16
23,ğŸ˜Ÿ,Not satisfied,2024-05-28
226,ğŸ˜Š,Good service,2024-04-02
749,ğŸ˜Ÿ,Not satisfied,2023-12-18
989,ğŸ˜,Okay service,2023-09-19
634,ğŸ˜,Excellent experience,2023-12-26
3,ğŸ˜¡,Terrible experience,2023-11-29
570,ğŸ˜¡,Terrible experience,2024-04-13
129,ğŸ˜¡,Terrible experience,2023-11-27
227,ğŸ˜¡,Terrible experience,2023-08-01
390,ğŸ˜¡,Terrible experience,2023-07-15
657,ğŸ˜,Excellent experience,2024-05-14
742,ğŸ˜,Okay service,2023-10-12
968,ğŸ˜,Okay service,2023-12-28
100,ğŸ˜Š,Good service,2024-04-27
857,ğŸ˜Š,Good service,2023-08-04
939,ğŸ˜Ÿ,Not satisfied,2023-07-20
888,ğŸ˜,Excellent experience,2023-11-08
588,ğŸ˜,Excellent experience,2024-06-13
213,ğŸ˜¡,Terrible experience,2023-09-20
685,ğŸ˜,Okay service,2023-09-06
263,ğŸ˜,Okay service,2024-01-04
540,ğŸ˜Š,Good service,2023-11-04
798,ğŸ˜¡,Terrible experience,2024-06-03
311,ğŸ˜¡,Terrible experience,2023-10-14
22,ğŸ˜Ÿ,Not satisfied,2023-07-06
248,ğŸ˜,Okay service,2024-05-05
316,ğŸ˜Š,Good service,2024-05-25
908,ğŸ˜,Okay service,2023-08-27
280,ğŸ˜,Okay service,2023-09-18
776,ğŸ˜Š,Good service,2023-07-25
512,ğŸ˜Š,Good service,2023-11-25
365,ğŸ˜¡,Terrible experience,2023-11-16
689,ğŸ˜¡,Terrible experience,2024-01-19
569,ğŸ˜¡,Terrible experience,2024-04-26
308,ğŸ˜Š,Good service,2024-06-05
704,ğŸ˜Š,Good service,2023-12-04
136,ğŸ˜Ÿ,Not satisfied,2024-02-15
718,ğŸ˜,Okay service,2024-04-21
844,ğŸ˜Š,Good service,2024-02-11
264,ğŸ˜Ÿ,Not satisfied,2023-11-11
391,ğŸ˜Ÿ,Not satisfied,2024-03-17
928,ğŸ˜,Excellent experience,2024-04-18
200,ğŸ˜Ÿ,Not satisfied,2023-09-10
881,ğŸ˜¡,Terrible experience,2024-01-06
632,ğŸ˜Š,Good service,2023-07-10
697,ğŸ˜,Okay service,2023-08-09
640,ğŸ˜¡,Terrible experience,2024-05-06
666,ğŸ˜Š,Good service,2024-01-18
428,ğŸ˜Ÿ,Not satisfied,2023-06-29
543,ğŸ˜,Excellent experience,2023-10-16
217,ğŸ˜Ÿ,Not satisfied,2024-03-29
864,ğŸ˜¡,Terrible experience,2023-07-03
40,ğŸ˜,Excellent experience,2023-06-22
40,ğŸ˜,Excellent experience,2023-12-30
75,ğŸ˜Ÿ,Not satisfied,2023-08-02
710,ğŸ˜,Okay service,2024-05-13
405,ğŸ˜,Excellent experience,2023-11-28
716,ğŸ˜,Okay service,2024-01-16
599,ğŸ˜Ÿ,Not satisfied,2024-05-10
78,ğŸ˜¡,Terrible experience,2024-05-12
616,ğŸ˜,Okay service,2023-07-10
214,ğŸ˜¡,Terrible experience,2023-09-30
362,ğŸ˜Š,Good service,2024-01-22
775,ğŸ˜,Excellent experience,2024-04-21
659,ğŸ˜,Okay service,2023-11-16
492,ğŸ˜Ÿ,Not satisfied,2023-10-07
340,ğŸ˜Ÿ,Not satisfied,2024-02-01
956,ğŸ˜¡,Terrible experience,2023-12-09
578,ğŸ˜Ÿ,Not satisfied,2024-06-06
353,ğŸ˜,Okay service,2024-03-24
8,ğŸ˜,Excellent experience,2023-10-18
341,ğŸ˜¡,Terrible experience,2023-08-23
116,ğŸ˜,Okay service,2023-10-30
183,ğŸ˜,Excellent experience,2023-06-15
712,ğŸ˜Ÿ,Not satisfied,2023-11-22
601,ğŸ˜Ÿ,Not satisfied,2023-11-19
157,ğŸ˜,Okay service,2023-07-18
599,ğŸ˜Ÿ,Not satisfied,2024-04-03
90,ğŸ˜¡,Terrible experience,2023-10-30
764,ğŸ˜Š,Good service,2023-11-13
296,ğŸ˜Ÿ,Not satisfied,2024-05-22
194,ğŸ˜¡,Terrible experience,2024-01-04
248,ğŸ˜,Okay service,2023-11-17
410,ğŸ˜Ÿ,Not satisfied,2024-01-19
266,ğŸ˜,Okay service,2023-12-24
447,ğŸ˜¡,Terrible experience,2023-10-29
216,ğŸ˜,Okay service,2023-10-02
980,ğŸ˜,Excellent experience,2023-07-11
581,ğŸ˜,Excellent experience,2023-12-09
500,ğŸ˜¡,Terrible experience,2024-02-23
154,ğŸ˜Ÿ,Not satisfied,2024-04-13
694,ğŸ˜¡,Terrible experience,2024-04-12
820,ğŸ˜,Okay service,2023-10-03
62,ğŸ˜Š,Good service,2023-09-27
551,ğŸ˜¡,Terrible experience,2024-03-18
606,ğŸ˜,Excellent experience,2023-09-02
722,ğŸ˜,Okay service,2023-09-22
825,ğŸ˜Ÿ,Not satisfied,2023-06-15
292,ğŸ˜Ÿ,Not satisfied,2024-04-02
310,ğŸ˜Ÿ,Not satisfied,2023-07-17
70,ğŸ˜Š,Good service,2023-10-16
625,ğŸ˜,Excellent experience,2023-10-14
608,ğŸ˜Š,Good service,2023-07-13
199,ğŸ˜Ÿ,Not satisfied,2024-06-03
944,ğŸ˜Ÿ,Not satisfied,2023-07-07
977,ğŸ˜,Excellent experience,2024-03-06
462,ğŸ˜Ÿ,Not satisfied,2023-11-12
696,ğŸ˜,Okay service,2023-10-19
757,ğŸ˜Ÿ,Not satisfied,2024-05-20
48,ğŸ˜¡,Terrible experience,2023-07-20
668,ğŸ˜¡,Terrible experience,2024-03-24
203,ğŸ˜Š,Good service,2023-10-05
213,ğŸ˜Š,Good service,2023-06-22
917,ğŸ˜Ÿ,Not satisfied,2023-08-20
492,ğŸ˜,Okay service,2023-06-26
938,ğŸ˜,Okay service,2023-12-20
760,ğŸ˜Ÿ,Not satisfied,2024-04-12
386,ğŸ˜¡,Terrible experience,2024-03-11
494,ğŸ˜¡,Terrible experience,2024-03-16
508,ğŸ˜Ÿ,Not satisfied,2023-09-04
846,ğŸ˜,Excellent experience,2024-03-18
680,ğŸ˜Ÿ,Not satisfied,2023-10-28
325,ğŸ˜,Excellent experience,2024-03-16
899,ğŸ˜,Okay service,2023-12-07
715,ğŸ˜Ÿ,Not satisfied,2023-06-24
835,ğŸ˜,Okay service,2024-04-08
330,ğŸ˜Š,Good service,2024-02-19
737,ğŸ˜Š,Good service,2024-03-10
496,ğŸ˜Š,Good service,2024-04-01
770,ğŸ˜¡,Terrible experience,2024-02-28
761,ğŸ˜¡,Terrible experience,2024-02-14
324,ğŸ˜Š,Good service,2024-03-16
205,ğŸ˜Ÿ,Not satisfied,2024-03-04
703,ğŸ˜¡,Terrible experience,2023-12-11
281,ğŸ˜Š,Good service,2023-08-04
142,ğŸ˜Š,Good service,2023-07-31
900,ğŸ˜Š,Good service,2023-08-26
681,ğŸ˜Ÿ,Not satisfied,2023-06-22
437,ğŸ˜¡,Terrible experience,2024-01-03
783,ğŸ˜,Excellent experience,2023-07-20
581,ğŸ˜Š,Good service,2024-05-25
415,ğŸ˜¡,Terrible experience,2024-03-26
998,ğŸ˜,Excellent experience,2024-05-03
59,ğŸ˜Ÿ,Not satisfied,2023-08-20
276,ğŸ˜Š,Good service,2023-11-04
512,ğŸ˜¡,Terrible experience,2023-09-29
596,ğŸ˜Š,Good service,2024-04-03
439,ğŸ˜Ÿ,Not satisfied,2023-08-02
387,ğŸ˜¡,Terrible experience,2023-08-29
403,ğŸ˜,Okay service,2024-03-27
20,ğŸ˜¡,Terrible experience,2024-05-06
665,ğŸ˜,Excellent experience,2023-10-13
305,ğŸ˜¡,Terrible experience,2023-07-29
412,ğŸ˜,Excellent experience,2023-09-10
766,ğŸ˜,Excellent experience,2023-11-21
506,ğŸ˜¡,Terrible experience,2024-03-13
78,ğŸ˜Ÿ,Not satisfied,2024-02-22
606,ğŸ˜¡,Terrible experience,2024-05-25
508,ğŸ˜¡,Terrible experience,2023-11-24
811,ğŸ˜¡,Terrible experience,2024-03-09
413,ğŸ˜Ÿ,Not satisfied,2023-12-13
646,ğŸ˜Š,Good service,2023-11-26
308,ğŸ˜¡,Terrible experience,2023-08-17
778,ğŸ˜,Okay service,2023-08-12
768,ğŸ˜Ÿ,Not satisfied,2024-01-21
856,ğŸ˜Ÿ,Not satisfied,2023-10-06
252,ğŸ˜Ÿ,Not satisfied,2024-04-04
2,ğŸ˜¡,Terrible experience,2023-06-20
404,ğŸ˜Ÿ,Not satisfied,2024-05-30
618,ğŸ˜,Okay service,2024-04-15
402,ğŸ˜,Okay service,2024-03-10
968,ğŸ˜,Okay service,2024-01-13
156,ğŸ˜,Excellent experience,2024-05-01
899,ğŸ˜,Okay service,2023-11-12
967,ğŸ˜,Excellent experience,2023-10-25
49,ğŸ˜Ÿ,Not satisfied,2024-06-02
810,ğŸ˜Š,Good service,2023-11-16
695,ğŸ˜Š,Good service,2023-12-12
490,ğŸ˜Š,Good service,2024-02-17
347,ğŸ˜Ÿ,Not satisfied,2024-06-13
910,ğŸ˜Ÿ,Not satisfied,2024-06-05
962,ğŸ˜Ÿ,Not satisfied,2024-02-11
612,ğŸ˜,Okay service,2023-06-16
799,ğŸ˜¡,Terrible experience,2023-11-16
78,ğŸ˜,Okay service,2023-06-15
653,ğŸ˜Š,Good service,2024-02-26
849,ğŸ˜Š,Good service,2023-08-04
397,ğŸ˜,Okay service,2024-01-04
299,ğŸ˜Ÿ,Not satisfied,2023-12-01
541,ğŸ˜¡,Terrible experience,2023-12-26
830,ğŸ˜Ÿ,Not satisfied,2024-04-23
342,ğŸ˜Š,Good service,2023-10-07
95,ğŸ˜Š,Good service,2024-01-13
179,ğŸ˜,Excellent experience,2023-12-28
283,ğŸ˜,Okay service,2023-09-10
46,ğŸ˜,Okay service,2024-01-09
993,ğŸ˜¡,Terrible experience,2024-03-10
433,ğŸ˜Š,Good service,2024-01-12
732,ğŸ˜,Excellent experience,2023-07-26
605,ğŸ˜Š,Good service,2023-11-20
581,ğŸ˜Ÿ,Not satisfied,2023-10-14
575,ğŸ˜¡,Terrible experience,2024-02-01
858,ğŸ˜¡,Terrible experience,2023-10-01
717,ğŸ˜¡,Terrible experience,2024-01-22
338,ğŸ˜,Okay service,2024-05-07
333,ğŸ˜,Excellent experience,2023-08-15
64,ğŸ˜,Excellent experience,2024-02-01
934,ğŸ˜¡,Terrible experience,2024-04-14
721,ğŸ˜¡,Terrible experience,2023-08-25
353,ğŸ˜¡,Terrible experience,2023-06-21
870,ğŸ˜,Okay service,2024-04-08
843,ğŸ˜,Excellent experience,2024-03-14
494,ğŸ˜¡,Terrible experience,2024-04-23
985,ğŸ˜,Okay service,2023-12-31
884,ğŸ˜¡,Terrible experience,2024-01-07
863,ğŸ˜Š,Good service,2024-03-31
596,ğŸ˜Ÿ,Not satisfied,2024-03-20
634,ğŸ˜¡,Terrible experience,2024-05-13
674,ğŸ˜,Okay service,2023-09-09
868,ğŸ˜¡,Terrible experience,2023-06-17
603,ğŸ˜Š,Good service,2023-08-23
932,ğŸ˜,Okay service,2024-03-16
603,ğŸ˜,Okay service,2024-05-27
472,ğŸ˜Š,Good service,2024-01-26
361,ğŸ˜Š,Good service,2024-04-04
254,ğŸ˜,Okay service,2023-09-18
427,ğŸ˜Š,Good service,2023-07-26
282,ğŸ˜,Okay service,2024-02-03
905,ğŸ˜,Okay service,2023-08-24
15,ğŸ˜¡,Terrible experience,2024-02-01
648,ğŸ˜,Excellent experience,2024-04-24
162,ğŸ˜,Excellent experience,2024-02-05
595,ğŸ˜Ÿ,Not satisfied,2023-07-26
986,ğŸ˜Ÿ,Not satisfied,2023-12-22
457,ğŸ˜,Okay service,2024-02-17
519,ğŸ˜,Okay service,2023-11-08
263,ğŸ˜Ÿ,Not satisfied,2024-02-29
238,ğŸ˜Ÿ,Not satisfied,2024-02-26
955,ğŸ˜Ÿ,Not satisfied,2023-08-07
744,ğŸ˜,Excellent experience,2024-04-06
764,ğŸ˜,Excellent experience,2023-09-08
569,ğŸ˜,Excellent experience,2024-05-01
271,ğŸ˜,Okay service,2024-03-06
775,ğŸ˜¡,Terrible experience,2024-05-15
982,ğŸ˜¡,Terrible experience,2024-02-05
357,ğŸ˜¡,Terrible experience,2024-02-12
869,ğŸ˜,Okay service,2023-10-16
588,ğŸ˜¡,Terrible experience,2023-10-07
543,ğŸ˜,Okay service,2024-04-06
543,ğŸ˜¡,Terrible experience,2023-09-22
80,ğŸ˜,Okay service,2023-07-04
915,ğŸ˜,Excellent experience,2024-06-14
922,ğŸ˜,Okay service,2023-10-27
692,ğŸ˜,Excellent experience,2023-08-25
193,ğŸ˜,Excellent experience,2023-12-19
77,ğŸ˜,Okay service,2024-04-16
318,ğŸ˜¡,Terrible experience,2024-03-25
116,ğŸ˜Ÿ,Not satisfied,2024-01-06
822,ğŸ˜,Okay service,2023-11-02
666,ğŸ˜¡,Terrible experience,2024-02-13
550,ğŸ˜Š,Good service,2023-12-15
766,ğŸ˜,Excellent experience,2024-04-24
433,ğŸ˜,Excellent experience,2024-01-17
461,ğŸ˜,Okay service,2023-07-08
495,ğŸ˜Š,Good service,2023-10-18
960,ğŸ˜,Excellent experience,2024-02-05
766,ğŸ˜,Excellent experience,2023-07-15
28,ğŸ˜¡,Terrible experience,2024-02-03
690,ğŸ˜Ÿ,Not satisfied,2023-12-26
781,ğŸ˜Ÿ,Not satisfied,2024-04-26
550,ğŸ˜Š,Good service,2024-04-25
384,ğŸ˜Š,Good service,2023-11-09
317,ğŸ˜,Okay service,2023-10-08
944,ğŸ˜Š,Good service,2023-07-15
566,ğŸ˜,Okay service,2024-03-24
122,ğŸ˜Š,Good service,2023-09-15
197,ğŸ˜Š,Good service,2023-11-22
898,ğŸ˜Š,Good service,2023-11-09
969,ğŸ˜¡,Terrible experience,2024-05-03
980,ğŸ˜,Excellent experience,2023-08-08
445,ğŸ˜,Okay service,2024-02-10
639,ğŸ˜¡,Terrible experience,2024-04-02
653,ğŸ˜,Okay service,2023-08-02
261,ğŸ˜Š,Good service,2024-02-07
927,ğŸ˜Š,Good service,2023-11-16
949,ğŸ˜¡,Terrible experience,2023-08-25
614,ğŸ˜Ÿ,Not satisfied,2024-04-08
567,ğŸ˜,Okay service,2023-10-10
124,ğŸ˜¡,Terrible experience,2024-06-10
903,ğŸ˜,Excellent experience,2023-11-29
139,ğŸ˜Ÿ,Not satisfied,2023-12-30
585,ğŸ˜Š,Good service,2023-06-29
806,ğŸ˜¡,Terrible experience,2024-02-08
532,ğŸ˜,Okay service,2023-08-28
95,ğŸ˜Š,Good service,2023-08-22
705,ğŸ˜,Okay service,2023-11-17
71,ğŸ˜¡,Terrible experience,2023-11-01
902,ğŸ˜Š,Good service,2023-10-27
279,ğŸ˜,Excellent experience,2024-05-19
606,ğŸ˜Š,Good service,2023-07-05
522,ğŸ˜Š,Good service,2023-08-14
367,ğŸ˜Š,Good service,2023-11-09
959,ğŸ˜Ÿ,Not satisfied,2024-03-03
348,ğŸ˜¡,Terrible experience,2023-09-01
561,ğŸ˜Ÿ,Not satisfied,2023-09-12
901,ğŸ˜Ÿ,Not satisfied,2024-04-29
473,ğŸ˜¡,Terrible experience,2023-09-25
703,ğŸ˜¡,Terrible experience,2023-11-04
959,ğŸ˜Ÿ,Not satisfied,2023-07-31
183,ğŸ˜Š,Good service,2024-05-16
695,ğŸ˜,Excellent experience,2023-06-24
700,ğŸ˜¡,Terrible experience,2023-07-17
633,ğŸ˜Ÿ,Not satisfied,2024-02-22
172,ğŸ˜Š,Good service,2024-04-04
134,ğŸ˜Š,Good service,2023-08-13
589,ğŸ˜,Okay service,2024-04-05
468,ğŸ˜,Okay service,2023-11-01
565,ğŸ˜¡,Terrible experience,2024-02-07
315,ğŸ˜Ÿ,Not satisfied,2024-03-23
77,ğŸ˜,Okay service,2023-07-06
469,ğŸ˜,Okay service,2023-08-05
313,ğŸ˜,Okay service,2023-07-30
124,ğŸ˜¡,Terrible experience,2024-03-01
474,ğŸ˜Š,Good service,2024-04-09
514,ğŸ˜Ÿ,Not satisfied,2023-10-27
51,ğŸ˜,Excellent experience,2024-02-09
505,ğŸ˜,Excellent experience,2024-03-28
805,ğŸ˜,Okay service,2023-09-29
141,ğŸ˜Š,Good service,2024-03-08
658,ğŸ˜,Excellent experience,2024-01-15
595,ğŸ˜¡,Terrible experience,2024-01-23
913,ğŸ˜¡,Terrible experience,2023-08-18
859,ğŸ˜,Okay service,2024-01-22
626,ğŸ˜¡,Terrible experience,2023-08-28
501,ğŸ˜¡,Terrible experience,2023-08-11
3,ğŸ˜,Excellent experience,2024-04-20
103,ğŸ˜Ÿ,Not satisfied,2024-05-02
877,ğŸ˜¡,Terrible experience,2023-07-16
946,ğŸ˜,Okay service,2023-08-12
387,ğŸ˜,Excellent experience,2024-05-11
516,ğŸ˜Ÿ,Not satisfied,2023-09-22
360,ğŸ˜Š,Good service,2023-11-13
894,ğŸ˜Š,Good service,2024-03-24
550,ğŸ˜Š,Good service,2024-05-09
444,ğŸ˜¡,Terrible experience,2023-07-21
646,ğŸ˜¡,Terrible experience,2023-12-08
1000,ğŸ˜¡,Terrible experience,2023-12-19
575,ğŸ˜,Excellent experience,2024-05-08
922,ğŸ˜Š,Good service,2024-03-06
532,ğŸ˜¡,Terrible experience,2024-06-11
51,ğŸ˜¡,Terrible experience,2023-10-30
612,ğŸ˜,Excellent experience,2023-10-25
318,ğŸ˜Š,Good service,2023-09-02
811,ğŸ˜,Excellent experience,2023-08-18
595,ğŸ˜,Okay service,2024-01-24
886,ğŸ˜Ÿ,Not satisfied,2024-02-01
644,ğŸ˜Š,Good service,2023-07-24
212,ğŸ˜,Okay service,2024-04-08
324,ğŸ˜,Okay service,2024-05-16
111,ğŸ˜,Okay service,2023-12-13
732,ğŸ˜,Okay service,2024-01-13
478,ğŸ˜Š,Good service,2024-02-17
313,ğŸ˜,Excellent experience,2023-11-27
911,ğŸ˜,Okay service,2024-03-26
701,ğŸ˜Š,Good service,2024-01-11
429,ğŸ˜,Okay service,2023-11-04
2,ğŸ˜,Excellent experience,2023-12-15
271,ğŸ˜,Excellent experience,2023-10-29
767,ğŸ˜Ÿ,Not satisfied,2023-07-21
680,ğŸ˜,Okay service,2023-07-20
664,ğŸ˜¡,Terrible experience,2023-09-04
440,ğŸ˜,Excellent experience,2023-10-13
612,ğŸ˜Ÿ,Not satisfied,2023-09-02
226,ğŸ˜Š,Good service,2023-11-26
311,ğŸ˜¡,Terrible experience,2023-07-12
449,ğŸ˜¡,Terrible experience,2023-08-08
571,ğŸ˜,Excellent experience,2023-12-14
886,ğŸ˜¡,Terrible experience,2023-12-27
928,ğŸ˜,Excellent experience,2023-09-11
178,ğŸ˜Š,Good service,2023-09-29
145,ğŸ˜,Excellent experience,2024-03-26
326,ğŸ˜Š,Good service,2023-10-24
117,ğŸ˜Ÿ,Not satisfied,2024-01-23
986,ğŸ˜,Excellent experience,2023-11-15
227,ğŸ˜Š,Good service,2024-03-08
145,ğŸ˜¡,Terrible experience,2023-11-06
510,ğŸ˜Š,Good service,2023-07-20
999,ğŸ˜,Okay service,2023-08-10
129,ğŸ˜Ÿ,Not satisfied,2023-08-25
504,ğŸ˜Ÿ,Not satisfied,2024-01-10
507,ğŸ˜,Excellent experience,2023-09-30
79,ğŸ˜,Okay service,2023-11-09
18,ğŸ˜Ÿ,Not satisfied,2024-02-07
550,ğŸ˜¡,Terrible experience,2023-09-18
452,ğŸ˜¡,Terrible experience,2023-09-28
475,ğŸ˜Ÿ,Not satisfied,2024-05-05
133,ğŸ˜Ÿ,Not satisfied,2024-05-21
722,ğŸ˜,Excellent experience,2024-02-20
617,ğŸ˜Š,Good service,2024-05-16
591,ğŸ˜Š,Good service,2024-06-01
734,ğŸ˜¡,Terrible experience,2024-01-10
136,ğŸ˜Ÿ,Not satisfied,2024-01-20
999,ğŸ˜,Okay service,2023-08-20
59,ğŸ˜,Okay service,2023-10-04
886,ğŸ˜¡,Terrible experience,2024-04-07
343,ğŸ˜¡,Terrible experience,2024-06-11
955,ğŸ˜,Okay service,2023-09-29
319,ğŸ˜,Okay service,2023-11-22
402,ğŸ˜Š,Good service,2024-05-03
792,ğŸ˜,Excellent experience,2024-03-21
288,ğŸ˜Ÿ,Not satisfied,2023-12-08
109,ğŸ˜¡,Terrible experience,2024-03-22
615,ğŸ˜¡,Terrible experience,2023-07-24
667,ğŸ˜,Excellent experience,2024-01-27
760,ğŸ˜,Excellent experience,2024-02-19
777,ğŸ˜¡,Terrible experience,2023-11-26
844,ğŸ˜Š,Good service,2023-12-12
143,ğŸ˜,Excellent experience,2023-11-26
564,ğŸ˜,Excellent experience,2023-09-22
301,ğŸ˜Š,Good service,2024-01-01
124,ğŸ˜¡,Terrible experience,2024-01-27
105,ğŸ˜,Excellent experience,2023-08-21
55,ğŸ˜¡,Terrible experience,2024-04-14
183,ğŸ˜Š,Good service,2023-10-12
786,ğŸ˜Š,Good service,2023-11-13
616,ğŸ˜Ÿ,Not satisfied,2023-10-07
58,ğŸ˜Š,Good service,2024-03-22
610,ğŸ˜¡,Terrible experience,2023-12-09
978,ğŸ˜,Okay service,2023-09-11
641,ğŸ˜Ÿ,Not satisfied,2024-04-01
362,ğŸ˜¡,Terrible experience,2024-01-01
970,ğŸ˜Ÿ,Not satisfied,2023-08-29
323,ğŸ˜Ÿ,Not satisfied,2024-03-05
389,ğŸ˜,Okay service,2024-04-21
442,ğŸ˜Š,Good service,2023-11-20
525,ğŸ˜Ÿ,Not satisfied,2024-04-21
434,ğŸ˜Š,Good service,2024-03-23
808,ğŸ˜Ÿ,Not satisfied,2023-07-09
370,ğŸ˜,Excellent experience,2024-06-04
478,ğŸ˜Š,Good service,2023-09-10
814,ğŸ˜,Okay service,2023-07-15
470,ğŸ˜Š,Good service,2024-03-06
291,ğŸ˜Ÿ,Not satisfied,2024-02-28
990,ğŸ˜,Okay service,2024-06-08
212,ğŸ˜Š,Good service,2024-03-23
435,ğŸ˜¡,Terrible experience,2023-10-06
557,ğŸ˜Ÿ,Not satisfied,2024-05-23
439,ğŸ˜Š,Good service,2023-09-15
512,ğŸ˜,Excellent experience,2024-01-12
712,ğŸ˜¡,Terrible experience,2024-04-12
933,ğŸ˜,Okay service,2024-01-24
32,ğŸ˜Ÿ,Not satisfied,2024-01-08
115,ğŸ˜,Excellent experience,2024-03-19
90,ğŸ˜,Okay service,2024-03-25
812,ğŸ˜,Okay service,2024-02-16
284,ğŸ˜,Okay service,2024-05-03
814,ğŸ˜¡,Terrible experience,2023-07-23
183,ğŸ˜Ÿ,Not satisfied,2024-05-23
850,ğŸ˜¡,Terrible experience,2023-07-01
77,ğŸ˜,Okay service,2023-11-27
210,ğŸ˜,Okay service,2024-06-09
409,ğŸ˜Ÿ,Not satisfied,2024-02-20
615,ğŸ˜¡,Terrible experience,2024-05-30
598,ğŸ˜,Okay service,2023-08-06
648,ğŸ˜,Excellent experience,2023-09-30
314,ğŸ˜,Excellent experience,2023-06-24
966,ğŸ˜,Okay service,2023-06-16
6,ğŸ˜¡,Terrible experience,2024-04-01
186,ğŸ˜,Okay service,2024-03-10
655,ğŸ˜,Okay service,2024-04-02
266,ğŸ˜,Okay service,2023-07-18
831,ğŸ˜Š,Good service,2023-07-27
741,ğŸ˜,Okay service,2023-07-16
628,ğŸ˜,Okay service,2024-04-06
521,ğŸ˜Ÿ,Not satisfied,2023-06-18
694,ğŸ˜Š,Good service,2023-09-09
914,ğŸ˜Ÿ,Not satisfied,2023-06-25
108,ğŸ˜,Okay service,2024-02-17
874,ğŸ˜Ÿ,Not satisfied,2024-05-18
371,ğŸ˜¡,Terrible experience,2024-05-15
921,ğŸ˜Š,Good service,2024-02-26
854,ğŸ˜,Excellent experience,2024-03-08
669,ğŸ˜Š,Good service,2023-08-20
291,ğŸ˜Ÿ,Not satisfied,2024-03-24
388,ğŸ˜Š,Good service,2023-12-07
706,ğŸ˜¡,Terrible experience,2024-02-13
414,ğŸ˜Š,Good service,2023-11-09
855,ğŸ˜,Okay service,2024-05-05
213,ğŸ˜,Okay service,2023-07-31
427,ğŸ˜Ÿ,Not satisfied,2024-03-05
714,ğŸ˜Ÿ,Not satisfied,2023-10-18
308,ğŸ˜,Okay service,2024-03-23
419,ğŸ˜,Excellent experience,2023-09-12
950,ğŸ˜,Excellent experience,2024-01-01
426,ğŸ˜,Okay service,2023-07-27
924,ğŸ˜Š,Good service,2024-03-10
700,ğŸ˜Š,Good service,2024-01-31
528,ğŸ˜¡,Terrible experience,2023-12-06
565,ğŸ˜¡,Terrible experience,2023-08-17
965,ğŸ˜,Okay service,2023-11-28
23,ğŸ˜Š,Good service,2023-09-25
870,ğŸ˜¡,Terrible experience,2023-07-08
38,ğŸ˜Š,Good service,2024-05-25
270,ğŸ˜Ÿ,Not satisfied,2024-05-07
358,ğŸ˜,Okay service,2023-09-12
35,ğŸ˜Ÿ,Not satisfied,2024-04-24
450,ğŸ˜Ÿ,Not satisfied,2023-12-06
816,ğŸ˜Š,Good service,2023-06-26
133,ğŸ˜Ÿ,Not satisfied,2023-10-10
96,ğŸ˜¡,Terrible experience,2024-06-08
213,ğŸ˜¡,Terrible experience,2023-10-28
431,ğŸ˜,Okay service,2023-06-30
824,ğŸ˜,Excellent experience,2024-01-10
887,ğŸ˜¡,Terrible experience,2023-06-27
877,ğŸ˜Š,Good service,2024-03-04
626,ğŸ˜,Excellent experience,2023-06-28
488,ğŸ˜Š,Good service,2024-03-31
913,ğŸ˜,Excellent experience,2024-04-27
937,ğŸ˜,Excellent experience,2023-10-22
191,ğŸ˜,Okay service,2023-10-26
623,ğŸ˜Ÿ,Not satisfied,2024-03-14
914,ğŸ˜¡,Terrible experience,2023-08-29
592,ğŸ˜Ÿ,Not satisfied,2023-06-18
713,ğŸ˜,Okay service,2024-04-19
539,ğŸ˜¡,Terrible experience,2023-11-15
395,ğŸ˜,Okay service,2023-06-22
925,ğŸ˜Š,Good service,2023-10-30
991,ğŸ˜Ÿ,Not satisfied,2023-06-21
101,ğŸ˜,Excellent experience,2024-04-12
193,ğŸ˜¡,Terrible experience,2023-11-22
939,ğŸ˜Š,Good service,2024-05-31
897,ğŸ˜Ÿ,Not satisfied,2024-02-01
930,ğŸ˜,Okay service,2024-02-09
49,ğŸ˜,Okay service,2024-03-12
415,ğŸ˜,Okay service,2023-09-03
968,ğŸ˜,Excellent experience,2023-09-05
405,ğŸ˜,Excellent experience,2024-03-27
293,ğŸ˜Ÿ,Not satisfied,2024-01-27
512,ğŸ˜Ÿ,Not satisfied,2023-11-17
150,ğŸ˜,Excellent experience,2024-02-23
429,ğŸ˜,Okay service,2024-03-28
163,ğŸ˜¡,Terrible experience,2023-09-28
144,ğŸ˜,Okay service,2023-11-11
933,ğŸ˜,Okay service,2023-12-22
880,ğŸ˜,Excellent experience,2024-02-10
117,ğŸ˜,Excellent experience,2024-02-10
81,ğŸ˜,Okay service,2024-05-07
161,ğŸ˜¡,Terrible experience,2023-09-20
597,ğŸ˜Ÿ,Not satisfied,2023-06-23
767,ğŸ˜Š,Good service,2023-10-14
880,ğŸ˜Š,Good service,2023-07-29
162,ğŸ˜,Okay service,2023-07-19
184,ğŸ˜Ÿ,Not satisfied,2023-08-29
736,ğŸ˜¡,Terrible experience,2024-02-19
183,ğŸ˜,Excellent experience,2024-04-27
988,ğŸ˜¡,Terrible experience,2024-04-05
522,ğŸ˜Š,Good service,2024-03-11
779,ğŸ˜,Excellent experience,2023-11-01
898,ğŸ˜,Excellent experience,2024-02-26
904,ğŸ˜Š,Good service,2023-08-24
860,ğŸ˜Š,Good service,2023-08-23
557,ğŸ˜¡,Terrible experience,2023-12-30
330,ğŸ˜,Okay service,2024-05-10
478,ğŸ˜,Okay service,2024-04-22
220,ğŸ˜Š,Good service,2023-09-22
284,ğŸ˜,Excellent experience,2024-03-08
412,ğŸ˜¡,Terrible experience,2024-01-02
70,ğŸ˜Š,Good service,2023-10-23
237,ğŸ˜Š,Good service,2024-01-03
827,ğŸ˜Š,Good service,2023-10-15
288,ğŸ˜,Okay service,2024-01-27
607,ğŸ˜,Okay service,2024-05-15
463,ğŸ˜Ÿ,Not satisfied,2024-02-11
163,ğŸ˜,Excellent experience,2023-09-15
701,ğŸ˜¡,Terrible experience,2024-03-03
782,ğŸ˜,Okay service,2023-11-10
5,ğŸ˜Š,Good service,2024-05-02
61,ğŸ˜,Excellent experience,2023-07-02
31,ğŸ˜Š,Good service,2024-01-26
440,ğŸ˜Š,Good service,2024-02-18
57,ğŸ˜¡,Terrible experience,2024-04-28
784,ğŸ˜¡,Terrible experience,2023-07-19
179,ğŸ˜¡,Terrible experience,2024-02-03
60,ğŸ˜Ÿ,Not satisfied,2024-02-05
534,ğŸ˜,Okay service,2024-03-05
112,ğŸ˜Š,Good service,2024-03-09
756,ğŸ˜¡,Terrible experience,2024-01-21
996,ğŸ˜Š,Good service,2023-08-13
264,ğŸ˜¡,Terrible experience,2024-04-03
178,ğŸ˜¡,Terrible experience,2024-04-25
445,ğŸ˜,Excellent experience,2024-06-01
777,ğŸ˜Ÿ,Not satisfied,2024-02-08
622,ğŸ˜Ÿ,Not satisfied,2023-06-23
717,ğŸ˜Ÿ,Not satisfied,2024-06-06
308,ğŸ˜Š,Good service,2023-08-21
96,ğŸ˜¡,Terrible experience,2023-12-05
13,ğŸ˜¡,Terrible experience,2023-09-08
880,ğŸ˜,Okay service,2023-11-05
841,ğŸ˜,Okay service,2023-08-28
995,ğŸ˜Š,Good service,2024-01-14
207,ğŸ˜,Excellent experience,2024-02-16
871,ğŸ˜,Excellent experience,2024-02-06
686,ğŸ˜,Excellent experience,2024-02-27
789,ğŸ˜Š,Good service,2023-09-21
582,ğŸ˜,Okay service,2024-01-07
118,ğŸ˜,Okay service,2024-05-30
343,ğŸ˜Š,Good service,2024-04-28
570,ğŸ˜,Okay service,2023-08-11
326,ğŸ˜,Okay service,2023-11-29
203,ğŸ˜,Excellent experience,2024-02-17
437,ğŸ˜¡,Terrible experience,2023-10-03
283,ğŸ˜Ÿ,Not satisfied,2023-11-26
483,ğŸ˜,Okay service,2023-09-03
227,ğŸ˜¡,Terrible experience,2023-07-27
210,ğŸ˜Š,Good service,2024-04-14
380,ğŸ˜¡,Terrible experience,2024-01-09
943,ğŸ˜¡,Terrible experience,2023-08-16
596,ğŸ˜Š,Good service,2024-06-07
572,ğŸ˜¡,Terrible experience,2023-09-18
812,ğŸ˜Ÿ,Not satisfied,2023-11-29
307,ğŸ˜,Excellent experience,2023-06-23
42,ğŸ˜,Okay service,2023-08-06
481,ğŸ˜¡,Terrible experience,2024-05-08
786,ğŸ˜,Excellent experience,2024-01-19
853,ğŸ˜,Excellent experience,2024-05-26
160,ğŸ˜¡,Terrible experience,2024-01-28
831,ğŸ˜Ÿ,Not satisfied,2024-04-30
283,ğŸ˜¡,Terrible experience,2023-10-30
58,ğŸ˜,Excellent experience,2023-12-07
517,ğŸ˜Š,Good service,2023-12-03
85,ğŸ˜Š,Good service,2023-11-18
259,ğŸ˜¡,Terrible experience,2024-03-04
958,ğŸ˜¡,Terrible experience,2024-06-09
93,ğŸ˜,Okay service,2024-04-21
482,ğŸ˜Ÿ,Not satisfied,2024-06-09
113,ğŸ˜,Excellent experience,2024-04-30
885,ğŸ˜¡,Terrible experience,2024-04-13
648,ğŸ˜Š,Good service,2024-05-06
18,ğŸ˜Ÿ,Not satisfied,2024-03-31
618,ğŸ˜,Okay service,2023-08-06
72,ğŸ˜Ÿ,Not satisfied,2023-08-11
218,ğŸ˜,Okay service,2024-01-09
151,ğŸ˜,Okay service,2024-01-15
904,ğŸ˜Š,Good service,2023-07-17
770,ğŸ˜,Okay service,2024-04-01
534,ğŸ˜¡,Terrible experience,2023-07-25
312,ğŸ˜Ÿ,Not satisfied,2024-06-06
521,ğŸ˜Ÿ,Not satisfied,2024-01-30
309,ğŸ˜,Excellent experience,2023-08-09
599,ğŸ˜¡,Terrible experience,2023-08-11
691,ğŸ˜,Excellent experience,2023-07-06
614,ğŸ˜,Excellent experience,2024-01-01
59,ğŸ˜¡,Terrible experience,2023-12-01
997,ğŸ˜,Okay service,2024-03-18
578,ğŸ˜,Okay service,2023-12-15
936,ğŸ˜¡,Terrible experience,2023-10-17
694,ğŸ˜,Okay service,2023-11-18
318,ğŸ˜Ÿ,Not satisfied,2023-07-20
151,ğŸ˜Š,Good service,2023-10-30
692,ğŸ˜Š,Good service,2024-02-17
794,ğŸ˜,Okay service,2023-10-02
443,ğŸ˜,Okay service,2023-11-25
338,ğŸ˜Š,Good service,2024-03-26
912,ğŸ˜Š,Good service,2023-10-17
963,ğŸ˜¡,Terrible experience,2024-04-15
955,ğŸ˜Š,Good service,2024-04-01
392,ğŸ˜Ÿ,Not satisfied,2024-04-10
720,ğŸ˜¡,Terrible experience,2024-05-01
646,ğŸ˜Ÿ,Not satisfied,2023-07-20
795,ğŸ˜Š,Good service,2024-01-14
754,ğŸ˜¡,Terrible experience,2024-01-09
284,ğŸ˜,Okay service,2023-07-15
109,ğŸ˜,Okay service,2023-07-14
59,ğŸ˜Š,Good service,2024-05-09
947,ğŸ˜,Okay service,2024-03-10
168,ğŸ˜,Okay service,2024-04-26
826,ğŸ˜,Okay service,2024-02-02
589,ğŸ˜Š,Good service,2024-04-22
890,ğŸ˜¡,Terrible experience,2024-05-09
659,ğŸ˜Ÿ,Not satisfied,2024-01-26
198,ğŸ˜¡,Terrible experience,2023-12-24
530,ğŸ˜¡,Terrible experience,2023-09-13
568,ğŸ˜¡,Terrible experience,2024-02-19
630,ğŸ˜,Excellent experience,2023-09-18
472,ğŸ˜¡,Terrible experience,2023-07-01
600,ğŸ˜Ÿ,Not satisfied,2024-01-14
558,ğŸ˜,Okay service,2024-04-12
457,ğŸ˜,Okay service,2024-01-02
753,ğŸ˜Ÿ,Not satisfied,2023-09-20
833,ğŸ˜Š,Good service,2024-03-05
995,ğŸ˜Ÿ,Not satisfied,2024-04-02
885,ğŸ˜Š,Good service,2023-09-21
358,ğŸ˜,Okay service,2024-05-25
766,ğŸ˜Š,Good service,2023-10-11
91,ğŸ˜Š,Good service,2024-05-08
63,ğŸ˜Ÿ,Not satisfied,2023-12-01
738,ğŸ˜Š,Good service,2024-06-05
254,ğŸ˜Ÿ,Not satisfied,2024-01-06
849,ğŸ˜,Excellent experience,2023-07-23
127,ğŸ˜¡,Terrible experience,2024-05-13
631,ğŸ˜Ÿ,Not satisfied,2023-09-24
504,ğŸ˜Š,Good service,2023-09-08
689,ğŸ˜¡,Terrible experience,2024-05-13
504,ğŸ˜¡,Terrible experience,2024-04-30
957,ğŸ˜Š,Good service,2023-07-28
944,ğŸ˜Ÿ,Not satisfied,2024-03-26
972,ğŸ˜Ÿ,Not satisfied,2024-03-06
393,ğŸ˜Ÿ,Not satisfied,2024-04-27
44,ğŸ˜,Okay service,2023-10-24
445,ğŸ˜,Excellent experience,2023-07-24
617,ğŸ˜Ÿ,Not satisfied,2023-09-21
786,ğŸ˜Š,Good service,2023-10-19
927,ğŸ˜,Okay service,2023-08-31
935,ğŸ˜Š,Good service,2023-07-12
326,ğŸ˜Š,Good service,2023-07-23
81,ğŸ˜Ÿ,Not satisfied,2023-09-23
477,ğŸ˜Š,Good service,2024-02-06
478,ğŸ˜,Okay service,2023-11-20
681,ğŸ˜Š,Good service,2024-01-15
214,ğŸ˜Š,Good service,2023-12-01
562,ğŸ˜,Okay service,2024-02-10
528,ğŸ˜¡,Terrible experience,2024-02-18
129,ğŸ˜Š,Good service,2024-03-08
885,ğŸ˜,Okay service,2023-12-21
404,ğŸ˜Ÿ,Not satisfied,2023-12-22
47,ğŸ˜¡,Terrible experience,2023-09-28
90,ğŸ˜,Okay service,2023-08-29
727,ğŸ˜,Okay service,2023-07-16
816,ğŸ˜¡,Terrible experience,2023-07-30
881,ğŸ˜Ÿ,Not satisfied,2023-11-26
258,ğŸ˜Ÿ,Not satisfied,2023-07-01
532,ğŸ˜¡,Terrible experience,2024-01-16
608,ğŸ˜¡,Terrible experience,2023-12-21
261,ğŸ˜Š,Good service,2024-04-29
219,ğŸ˜Š,Good service,2024-03-15
54,ğŸ˜,Excellent experience,2023-10-28
142,ğŸ˜¡,Terrible experience,2023-07-01
341,ğŸ˜¡,Terrible experience,2024-01-07
200,ğŸ˜Š,Good service,2024-03-30
741,ğŸ˜¡,Terrible experience,2023-08-19
961,ğŸ˜,Okay service,2023-09-21
163,ğŸ˜,Excellent experience,2023-10-13
671,ğŸ˜Ÿ,Not satisfied,2024-04-16
783,ğŸ˜Ÿ,Not satisfied,2023-12-04
570,ğŸ˜,Excellent experience,2023-08-27
850,ğŸ˜Š,Good service,2023-07-05
455,ğŸ˜Ÿ,Not satisfied,2023-10-25
357,ğŸ˜,Excellent experience,2024-03-23
163,ğŸ˜,Okay service,2023-12-16
119,ğŸ˜,Okay service,2023-08-24
860,ğŸ˜Ÿ,Not satisfied,2024-03-01
270,ğŸ˜Ÿ,Not satisfied,2024-05-31
8,ğŸ˜,Okay service,2024-03-09
325,ğŸ˜,Okay service,2024-04-17
717,ğŸ˜Ÿ,Not satisfied,2023-11-02
962,ğŸ˜Ÿ,Not satisfied,2023-11-02
615,ğŸ˜¡,Terrible experience,2024-03-21
446,ğŸ˜,Excellent experience,2024-01-03
385,ğŸ˜,Okay service,2023-07-14
978,ğŸ˜,Excellent experience,2024-03-16
396,ğŸ˜Š,Good service,2024-01-14
224,ğŸ˜Ÿ,Not satisfied,2024-01-15
745,ğŸ˜Š,Good service,2024-01-16
706,ğŸ˜Ÿ,Not satisfied,2023-10-09
315,ğŸ˜,Excellent experience,2023-09-12
724,ğŸ˜Ÿ,Not satisfied,2024-05-11
209,ğŸ˜,Excellent experience,2024-02-03
533,ğŸ˜,Excellent experience,2023-08-25
680,ğŸ˜Ÿ,Not satisfied,2023-12-12
475,ğŸ˜Š,Good service,2023-09-24
16,ğŸ˜,Okay service,2023-09-01
406,ğŸ˜Ÿ,Not satisfied,2023-08-13
407,ğŸ˜Ÿ,Not satisfied,2023-06-18
872,ğŸ˜,Excellent experience,2023-12-25
764,ğŸ˜Š,Good service,2023-10-31
214,ğŸ˜,Okay service,2023-12-22
154,ğŸ˜,Excellent experience,2024-04-10
95,ğŸ˜,Okay service,2023-11-14
113,ğŸ˜,Okay service,2023-08-15
289,ğŸ˜,Okay service,2023-09-21
955,ğŸ˜Š,Good service,2024-02-29
132,ğŸ˜Š,Good service,2024-03-09
201,ğŸ˜¡,Terrible experience,2023-11-07
281,ğŸ˜Š,Good service,2024-05-13
186,ğŸ˜,Excellent experience,2024-03-13
976,ğŸ˜,Excellent experience,2024-02-10
649,ğŸ˜,Excellent experience,2023-07-09
109,ğŸ˜Ÿ,Not satisfied,2023-07-21
447,ğŸ˜Š,Good service,2023-07-31
947,ğŸ˜,Okay service,2023-09-26
429,ğŸ˜,Okay service,2024-05-28
831,ğŸ˜,Excellent experience,2023-08-16
807,ğŸ˜¡,Terrible experience,2024-02-03
155,ğŸ˜Š,Good service,2024-01-26
445,ğŸ˜Š,Good service,2023-10-04
221,ğŸ˜Ÿ,Not satisfied,2023-08-01
228,ğŸ˜Š,Good service,2023-09-29
938,ğŸ˜¡,Terrible experience,2024-04-02
183,ğŸ˜Š,Good service,2024-05-23
455,ğŸ˜Š,Good service,2023-12-08
494,ğŸ˜,Okay service,2023-11-15
90,ğŸ˜,Excellent experience,2024-02-08
700,ğŸ˜Š,Good service,2023-08-10
278,ğŸ˜¡,Terrible experience,2024-05-05
295,ğŸ˜,Okay service,2023-10-17
863,ğŸ˜,Okay service,2024-04-23
798,ğŸ˜,Excellent experience,2024-03-20
172,ğŸ˜,Excellent experience,2023-11-09
109,ğŸ˜Ÿ,Not satisfied,2024-01-26
518,ğŸ˜,Okay service,2023-08-11
474,ğŸ˜,Excellent experience,2023-08-27
282,ğŸ˜Š,Good service,2023-09-20
240,ğŸ˜,Okay service,2023-06-20
256,ğŸ˜,Excellent experience,2023-11-22
871,ğŸ˜¡,Terrible experience,2024-03-12
18,ğŸ˜Š,Good service,2024-02-23
782,ğŸ˜,Excellent experience,2024-03-20
710,ğŸ˜Š,Good service,2023-09-03
993,ğŸ˜Š,Good service,2023-08-08
275,ğŸ˜Š,Good service,2023-12-14
443,ğŸ˜,Excellent experience,2023-10-19
762,ğŸ˜Š,Good service,2023-07-16
282,ğŸ˜Ÿ,Not satisfied,2023-11-05
737,ğŸ˜,Excellent experience,2023-09-13
879,ğŸ˜,Excellent experience,2024-02-25
996,ğŸ˜Ÿ,Not satisfied,2024-04-26
593,ğŸ˜,Excellent experience,2023-07-01
576,ğŸ˜Š,Good service,2024-01-06
933,ğŸ˜¡,Terrible experience,2023-08-28
224,ğŸ˜¡,Terrible experience,2023-12-22
632,ğŸ˜Š,Good service,2024-03-11
59,ğŸ˜Ÿ,Not satisfied,2024-02-21
24,ğŸ˜,Excellent experience,2024-06-13
345,ğŸ˜Š,Good service,2023-08-18
860,ğŸ˜Š,Good service,2024-02-18
512,ğŸ˜Ÿ,Not satisfied,2024-06-13
87,ğŸ˜,Excellent experience,2023-08-30
849,ğŸ˜Ÿ,Not satisfied,2023-09-07
739,ğŸ˜,Excellent experience,2024-05-29
5,ğŸ˜Š,Good service,2023-10-26
300,ğŸ˜¡,Terrible experience,2024-05-29
224,ğŸ˜Ÿ,Not satisfied,2024-04-03
537,ğŸ˜,Okay service,2024-03-16
282,ğŸ˜Ÿ,Not satisfied,2024-03-06
699,ğŸ˜Ÿ,Not satisfied,2023-06-30
804,ğŸ˜Ÿ,Not satisfied,2024-06-08
988,ğŸ˜¡,Terrible experience,2023-06-15
862,ğŸ˜,Okay service,2024-04-28
389,ğŸ˜,Excellent experience,2024-05-18
527,ğŸ˜Ÿ,Not satisfied,2023-08-12
300,ğŸ˜Ÿ,Not satisfied,2024-05-03
706,ğŸ˜¡,Terrible experience,2024-02-19
814,ğŸ˜¡,Terrible experience,2024-02-26
806,ğŸ˜,Okay service,2023-08-26
286,ğŸ˜,Excellent experience,2023-08-21
377,ğŸ˜Š,Good service,2023-07-16
12,ğŸ˜Š,Good service,2023-08-03
324,ğŸ˜Š,Good service,2023-06-25
302,ğŸ˜,Okay service,2023-11-29
115,ğŸ˜,Okay service,2023-09-11
605,ğŸ˜¡,Terrible experience,2023-09-15
589,ğŸ˜Ÿ,Not satisfied,2023-12-06
416,ğŸ˜,Excellent experience,2023-08-25
891,ğŸ˜,Okay service,2024-04-11
128,ğŸ˜Š,Good service,2023-11-18
683,ğŸ˜,Okay service,2024-04-05
127,ğŸ˜Š,Good service,2024-02-12
484,ğŸ˜Ÿ,Not satisfied,2024-03-09
735,ğŸ˜Ÿ,Not satisfied,2024-01-17
14,ğŸ˜Ÿ,Not satisfied,2023-10-12
495,ğŸ˜,Okay service,2023-08-31
478,ğŸ˜Š,Good service,2024-04-04
168,ğŸ˜,Okay service,2023-09-20
243,ğŸ˜,Okay service,2024-01-20
739,ğŸ˜,Excellent experience,2023-10-13
124,ğŸ˜,Excellent experience,2023-09-12
512,ğŸ˜,Okay service,2024-03-11
130,ğŸ˜¡,Terrible experience,2023-11-10
870,ğŸ˜Ÿ,Not satisfied,2023-09-20
926,ğŸ˜,Excellent experience,2024-03-15
459,ğŸ˜Ÿ,Not satisfied,2023-10-12
159,ğŸ˜,Okay service,2024-04-01
404,ğŸ˜¡,Terrible experience,2023-07-23
620,ğŸ˜,Okay service,2023-12-29
759,ğŸ˜Ÿ,Not satisfied,2023-12-17
941,ğŸ˜,Excellent experience,2023-08-25
433,ğŸ˜Ÿ,Not satisfied,2023-07-27
643,ğŸ˜Š,Good service,2024-01-15
474,ğŸ˜Ÿ,Not satisfied,2024-01-19
650,ğŸ˜,Excellent experience,2024-02-08
787,ğŸ˜,Okay service,2024-01-13
935,ğŸ˜Ÿ,Not satisfied,2023-08-09
222,ğŸ˜,Okay service,2023-12-29
261,ğŸ˜,Excellent experience,2024-04-16
927,ğŸ˜Š,Good service,2023-11-07
505,ğŸ˜¡,Terrible experience,2023-08-05
898,ğŸ˜,Excellent experience,2023-07-17
692,ğŸ˜,Okay service,2023-08-15
664,ğŸ˜Š,Good service,2023-10-01
637,ğŸ˜¡,Terrible experience,2024-01-31
597,ğŸ˜Ÿ,Not satisfied,2023-11-21
460,ğŸ˜Š,Good service,2023-10-12
736,ğŸ˜¡,Terrible experience,2024-06-04
782,ğŸ˜¡,Terrible experience,2024-01-27
943,ğŸ˜Ÿ,Not satisfied,2023-07-22
939,ğŸ˜¡,Terrible experience,2024-03-29
2,ğŸ˜,Excellent experience,2023-11-07
183,ğŸ˜Š,Good service,2023-12-19
39,ğŸ˜¡,Terrible experience,2024-04-12
33,ğŸ˜Ÿ,Not satisfied,2023-09-22
539,ğŸ˜Ÿ,Not satisfied,2024-02-13
697,ğŸ˜¡,Terrible experience,2023-07-27
210,ğŸ˜¡,Terrible experience,2023-08-17
602,ğŸ˜,Okay service,2023-08-25
715,ğŸ˜,Okay service,2023-08-03
259,ğŸ˜,Okay service,2023-09-10
623,ğŸ˜,Excellent experience,2023-12-04
123,ğŸ˜¡,Terrible experience,2023-11-30
293,ğŸ˜,Excellent experience,2023-06-27
609,ğŸ˜,Excellent experience,2024-02-08
959,ğŸ˜Š,Good service,2024-03-04
49,ğŸ˜Ÿ,Not satisfied,2023-12-30
801,ğŸ˜Š,Good service,2023-09-04
202,ğŸ˜,Okay service,2024-02-06
346,ğŸ˜Š,Good service,2023-11-05
942,ğŸ˜¡,Terrible experience,2023-10-17
57,ğŸ˜Š,Good service,2023-08-23
584,ğŸ˜,Excellent experience,2023-10-24
48,ğŸ˜¡,Terrible experience,2023-10-02
563,ğŸ˜¡,Terrible experience,2023-07-24
744,ğŸ˜Š,Good service,2024-01-06
943,ğŸ˜,Excellent experience,2024-01-19
726,ğŸ˜¡,Terrible experience,2023-08-08
710,ğŸ˜¡,Terrible experience,2024-06-11
206,ğŸ˜,Okay service,2023-10-21
126,ğŸ˜¡,Terrible experience,2024-04-01
259,ğŸ˜,Okay service,2024-04-27
153,ğŸ˜¡,Terrible experience,2023-08-07
819,ğŸ˜,Excellent experience,2024-06-02
973,ğŸ˜Ÿ,Not satisfied,2023-12-25
778,ğŸ˜¡,Terrible experience,2023-07-24
112,ğŸ˜,Okay service,2023-07-22
257,ğŸ˜¡,Terrible experience,2023-09-02
53,ğŸ˜,Excellent experience,2023-10-31
111,ğŸ˜Š,Good service,2023-12-08
120,ğŸ˜,Okay service,2023-08-28
375,ğŸ˜Ÿ,Not satisfied,2023-09-10
881,ğŸ˜,Excellent experience,2023-09-06
620,ğŸ˜Š,Good service,2023-07-11
101,ğŸ˜¡,Terrible experience,2024-05-08
917,ğŸ˜Ÿ,Not satisfied,2024-01-29
513,ğŸ˜Ÿ,Not satisfied,2024-06-12
7,ğŸ˜,Excellent experience,2024-05-03
784,ğŸ˜Ÿ,Not satisfied,2024-04-24
387,ğŸ˜¡,Terrible experience,2023-06-18
457,ğŸ˜¡,Terrible experience,2024-04-13
117,ğŸ˜Ÿ,Not satisfied,2023-11-03
797,ğŸ˜Š,Good service,2023-10-26
786,ğŸ˜,Excellent experience,2024-06-05
519,ğŸ˜¡,Terrible experience,2023-09-03
753,ğŸ˜¡,Terrible experience,2024-02-01
264,ğŸ˜,Okay service,2024-04-06
301,ğŸ˜Ÿ,Not satisfied,2023-11-25
158,ğŸ˜Š,Good service,2024-02-09
952,ğŸ˜,Okay service,2024-02-03
81,ğŸ˜,Excellent experience,2024-03-24
622,ğŸ˜¡,Terrible experience,2024-05-31
411,ğŸ˜,Excellent experience,2023-09-11
868,ğŸ˜,Excellent experience,2023-12-19
470,ğŸ˜,Okay service,2023-12-10
700,ğŸ˜Ÿ,Not satisfied,2023-09-10
129,ğŸ˜,Okay service,2024-02-28
425,ğŸ˜Ÿ,Not satisfied,2023-08-31
892,ğŸ˜Š,Good service,2024-01-04
775,ğŸ˜,Okay service,2024-05-24
920,ğŸ˜,Okay service,2023-11-03
117,ğŸ˜,Okay service,2024-05-13
73,ğŸ˜,Okay service,2023-11-08
265,ğŸ˜,Excellent experience,2024-05-29
581,ğŸ˜Š,Good service,2023-09-04
903,ğŸ˜¡,Terrible experience,2024-05-12
838,ğŸ˜¡,Terrible experience,2023-08-15
918,ğŸ˜Š,Good service,2023-07-11
283,ğŸ˜,Okay service,2024-02-06
576,ğŸ˜Š,Good service,2024-01-05
770,ğŸ˜,Okay service,2023-11-29
538,ğŸ˜¡,Terrible experience,2024-01-20
549,ğŸ˜,Okay service,2024-04-29
826,ğŸ˜Š,Good service,2024-03-27
879,ğŸ˜Š,Good service,2024-03-25
977,ğŸ˜Ÿ,Not satisfied,2023-10-01
201,ğŸ˜,Okay service,2024-03-01
394,ğŸ˜,Excellent experience,2023-10-03
925,ğŸ˜¡,Terrible experience,2024-04-23
942,ğŸ˜,Okay service,2023-06-26
251,ğŸ˜,Okay service,2024-06-01
14,ğŸ˜,Okay service,2024-04-16
976,ğŸ˜Ÿ,Not satisfied,2024-05-20
345,ğŸ˜Ÿ,Not satisfied,2023-07-28
963,ğŸ˜¡,Terrible experience,2023-10-28
32,ğŸ˜Ÿ,Not satisfied,2023-08-08
430,ğŸ˜¡,Terrible experience,2024-04-23
439,ğŸ˜,Okay service,2023-07-05
740,ğŸ˜Š,Good service,2024-02-07
747,ğŸ˜Š,Good service,2024-05-29
178,ğŸ˜,Okay service,2023-11-22
947,ğŸ˜,Excellent experience,2023-07-10
786,ğŸ˜¡,Terrible experience,2024-06-07
139,ğŸ˜,Okay service,2024-01-31
968,ğŸ˜Š,Good service,2023-10-28
847,ğŸ˜¡,Terrible experience,2023-10-07
902,ğŸ˜,Excellent experience,2024-05-06
573,ğŸ˜Ÿ,Not satisfied,2023-10-25
984,ğŸ˜Š,Good service,2023-10-03
933,ğŸ˜,Excellent experience,2024-01-18
501,ğŸ˜Ÿ,Not satisfied,2023-06-15
303,ğŸ˜Ÿ,Not satisfied,2024-04-26
945,ğŸ˜Ÿ,Not satisfied,2024-03-20
890,ğŸ˜,Okay service,2024-01-08
761,ğŸ˜Š,Good service,2023-09-24
647,ğŸ˜Š,Good service,2024-01-02
505,ğŸ˜Ÿ,Not satisfied,2023-12-10
639,ğŸ˜Ÿ,Not satisfied,2023-10-06
797,ğŸ˜,Okay service,2024-01-10
391,ğŸ˜Ÿ,Not satisfied,2023-10-12
63,ğŸ˜,Okay service,2024-05-27
234,ğŸ˜Ÿ,Not satisfied,2024-01-09
598,ğŸ˜,Okay service,2024-04-21
499,ğŸ˜,Okay service,2023-08-27
235,ğŸ˜Š,Good service,2023-12-30
981,ğŸ˜¡,Terrible experience,2024-03-22
392,ğŸ˜,Excellent experience,2024-02-19
347,ğŸ˜Š,Good service,2024-02-07
670,ğŸ˜Š,Good service,2023-08-28
645,ğŸ˜¡,Terrible experience,2024-04-25
586,ğŸ˜Š,Good service,2023-08-02
571,ğŸ˜,Okay service,2023-08-12
68,ğŸ˜Š,Good service,2024-01-13
960,ğŸ˜,Excellent experience,2023-11-16
277,ğŸ˜Ÿ,Not satisfied,2024-01-18
405,ğŸ˜Š,Good service,2024-04-16
232,ğŸ˜¡,Terrible experience,2023-12-14
565,ğŸ˜,Okay service,2024-03-27
538,ğŸ˜,Okay service,2023-06-24
70,ğŸ˜,Excellent experience,2024-02-09
173,ğŸ˜Š,Good service,2023-10-08
371,ğŸ˜¡,Terrible experience,2023-11-12
422,ğŸ˜Ÿ,Not satisfied,2023-07-07
831,ğŸ˜,Okay service,2024-04-21
943,ğŸ˜,Okay service,2024-05-05
53,ğŸ˜,Okay service,2023-08-26
563,ğŸ˜¡,Terrible experience,2024-04-17
528,ğŸ˜,Okay service,2023-11-24
801,ğŸ˜Š,Good service,2023-10-27
156,ğŸ˜Ÿ,Not satisfied,2024-06-07
4,ğŸ˜Š,Good service,2024-06-07
41,ğŸ˜Ÿ,Not satisfied,2023-12-20
480,ğŸ˜,Okay service,2023-09-10
49,ğŸ˜,Excellent experience,2024-02-08
96,ğŸ˜¡,Terrible experience,2023-08-26
215,ğŸ˜Š,Good service,2023-11-16
561,ğŸ˜,Excellent experience,2024-02-04
285,ğŸ˜Ÿ,Not satisfied,2024-01-27
917,ğŸ˜¡,Terrible experience,2023-08-29
251,ğŸ˜¡,Terrible experience,2023-10-30
230,ğŸ˜¡,Terrible experience,2024-05-26
355,ğŸ˜Š,Good service,2023-12-07
202,ğŸ˜Š,Good service,2024-01-13
877,ğŸ˜,Excellent experience,2023-10-23
792,ğŸ˜Ÿ,Not satisfied,2024-02-02
359,ğŸ˜Ÿ,Not satisfied,2024-01-19
345,ğŸ˜Ÿ,Not satisfied,2024-02-17
984,ğŸ˜,Okay service,2024-01-26
625,ğŸ˜¡,Terrible experience,2023-12-22
96,ğŸ˜¡,Terrible experience,2023-07-16
272,ğŸ˜,Okay service,2024-01-02
336,ğŸ˜Ÿ,Not satisfied,2023-06-17
854,ğŸ˜,Excellent experience,2023-10-15
833,ğŸ˜,Excellent experience,2024-03-14
677,ğŸ˜¡,Terrible experience,2023-08-19
448,ğŸ˜¡,Terrible experience,2023-08-15
580,ğŸ˜¡,Terrible experience,2024-01-26
608,ğŸ˜,Okay service,2023-12-01
301,ğŸ˜Ÿ,Not satisfied,2023-09-11
789,ğŸ˜,Okay service,2023-10-08
707,ğŸ˜Ÿ,Not satisfied,2023-09-05
655,ğŸ˜¡,Terrible experience,2024-05-23
383,ğŸ˜,Excellent experience,2024-02-13
312,ğŸ˜Ÿ,Not satisfied,2023-10-31
257,ğŸ˜,Excellent experience,2023-06-24
395,ğŸ˜,Okay service,2023-12-17
837,ğŸ˜Š,Good service,2024-06-01
664,ğŸ˜Š,Good service,2024-01-30
721,ğŸ˜Š,Good service,2024-04-18
994,ğŸ˜,Okay service,2024-05-04
122,ğŸ˜Ÿ,Not satisfied,2024-04-04
317,ğŸ˜Š,Good service,2023-06-23
377,ğŸ˜,Excellent experience,2024-03-08
900,ğŸ˜,Okay service,2024-05-16
498,ğŸ˜¡,Terrible experience,2023-09-04
851,ğŸ˜,Okay service,2024-02-23
975,ğŸ˜,Okay service,2023-12-31
276,ğŸ˜,Okay service,2024-03-22
768,ğŸ˜¡,Terrible experience,2023-09-24
365,ğŸ˜,Excellent experience,2023-11-24
649,ğŸ˜Š,Good service,2023-08-24
802,ğŸ˜,Okay service,2024-03-03
538,ğŸ˜¡,Terrible experience,2024-04-02
366,ğŸ˜,Okay service,2023-11-17
318,ğŸ˜¡,Terrible experience,2023-12-31
768,ğŸ˜,Excellent experience,2024-02-11
721,ğŸ˜Š,Good service,2023-11-25
484,ğŸ˜¡,Terrible experience,2024-06-01
397,ğŸ˜Š,Good service,2023-12-28
854,ğŸ˜,Okay service,2023-12-25
759,ğŸ˜Ÿ,Not satisfied,2023-10-25
814,ğŸ˜Š,Good service,2024-04-29
862,ğŸ˜,Excellent experience,2023-08-09
533,ğŸ˜,Excellent experience,2023-07-19
643,ğŸ˜,Excellent experience,2023-10-16
134,ğŸ˜Š,Good service,2024-01-11
837,ğŸ˜,Excellent experience,2023-12-31
336,ğŸ˜Ÿ,Not satisfied,2023-10-16
243,ğŸ˜¡,Terrible experience,2024-06-09
780,ğŸ˜,Excellent experience,2023-07-25
784,ğŸ˜,Excellent experience,2024-04-12
685,ğŸ˜,Excellent experience,2024-03-19
848,ğŸ˜,Okay service,2023-08-23
88,ğŸ˜Š,Good service,2024-01-01
844,ğŸ˜,Okay service,2023-07-21
182,ğŸ˜Ÿ,Not satisfied,2024-05-23
233,ğŸ˜,Okay service,2023-07-24
951,ğŸ˜Ÿ,Not satisfied,2023-06-20
779,ğŸ˜,Okay service,2023-07-11
23,ğŸ˜Ÿ,Not satisfied,2024-06-14
564,ğŸ˜¡,Terrible experience,2024-05-14
951,ğŸ˜,Excellent experience,2023-06-26
118,ğŸ˜,Excellent experience,2023-10-14
912,ğŸ˜¡,Terrible experience,2024-03-09
10,ğŸ˜¡,Terrible experience,2023-12-06
152,ğŸ˜¡,Terrible experience,2023-10-21
237,ğŸ˜Š,Good service,2024-01-04
56,ğŸ˜,Excellent experience,2023-10-17
2,ğŸ˜¡,Terrible experience,2023-10-16
285,ğŸ˜¡,Terrible experience,2024-06-13
694,ğŸ˜Ÿ,Not satisfied,2024-04-11
380,ğŸ˜Ÿ,Not satisfied,2024-01-27
745,ğŸ˜¡,Terrible experience,2023-10-11
779,ğŸ˜,Excellent experience,2024-01-09
337,ğŸ˜,Okay service,2023-07-04
853,ğŸ˜Ÿ,Not satisfied,2023-09-04
745,ğŸ˜¡,Terrible experience,2024-01-25
35,ğŸ˜,Excellent experience,2024-01-30
305,ğŸ˜,Okay service,2023-08-09
263,ğŸ˜Ÿ,Not satisfied,2023-09-29
443,ğŸ˜Ÿ,Not satisfied,2023-12-02
647,ğŸ˜Ÿ,Not satisfied,2023-11-13
753,ğŸ˜¡,Terrible experience,2023-11-15
608,ğŸ˜,Excellent experience,2024-03-19
613,ğŸ˜,Excellent experience,2024-01-14
179,ğŸ˜,Excellent experience,2023-07-28
792,ğŸ˜Ÿ,Not satisfied,2023-07-19
713,ğŸ˜,Okay service,2023-10-23
208,ğŸ˜Š,Good service,2023-11-25
275,ğŸ˜¡,Terrible experience,2023-12-10
195,ğŸ˜Ÿ,Not satisfied,2023-11-14
234,ğŸ˜,Okay service,2024-03-09
820,ğŸ˜Š,Good service,2023-08-20
423,ğŸ˜¡,Terrible experience,2023-10-24
473,ğŸ˜¡,Terrible experience,2023-12-09
674,ğŸ˜¡,Terrible experience,2023-09-04
312,ğŸ˜,Excellent experience,2023-06-16
798,ğŸ˜,Okay service,2023-07-11
330,ğŸ˜Š,Good service,2024-02-16
4,ğŸ˜¡,Terrible experience,2024-01-08
976,ğŸ˜¡,Terrible experience,2024-01-02
622,ğŸ˜,Excellent experience,2024-06-05
634,ğŸ˜Š,Good service,2024-04-24
360,ğŸ˜¡,Terrible experience,2023-11-17
673,ğŸ˜¡,Terrible experience,2023-11-09
353,ğŸ˜,Excellent experience,2023-09-28
501,ğŸ˜Š,Good service,2023-11-12
727,ğŸ˜¡,Terrible experience,2023-06-25
158,ğŸ˜¡,Terrible experience,2024-04-06
480,ğŸ˜,Okay service,2024-05-25
767,ğŸ˜Ÿ,Not satisfied,2024-04-27
740,ğŸ˜¡,Terrible experience,2024-06-07
953,ğŸ˜,Okay service,2023-08-11
520,ğŸ˜,Excellent experience,2024-01-18
215,ğŸ˜¡,Terrible experience,2023-12-21
175,ğŸ˜,Excellent experience,2024-05-02
761,ğŸ˜,Excellent experience,2023-10-16
530,ğŸ˜¡,Terrible experience,2023-06-19
950,ğŸ˜,Okay service,2024-03-10
28,ğŸ˜,Excellent experience,2024-04-07
272,ğŸ˜,Excellent experience,2023-09-29
451,ğŸ˜¡,Terrible experience,2024-02-06
942,ğŸ˜Š,Good service,2024-01-03
527,ğŸ˜Ÿ,Not satisfied,2024-01-14
682,ğŸ˜Ÿ,Not satisfied,2024-05-08
598,ğŸ˜¡,Terrible experience,2024-02-10
215,ğŸ˜¡,Terrible experience,2023-10-20
883,ğŸ˜¡,Terrible experience,2024-05-17
496,ğŸ˜Š,Good service,2024-05-12
397,ğŸ˜¡,Terrible experience,2024-04-22
903,ğŸ˜,Okay service,2023-10-09
57,ğŸ˜,Okay service,2024-04-28
655,ğŸ˜,Okay service,2023-09-03
706,ğŸ˜,Okay service,2023-12-27
673,ğŸ˜Ÿ,Not satisfied,2024-01-01
202,ğŸ˜,Excellent experience,2024-05-24
292,ğŸ˜Š,Good service,2024-05-13
168,ğŸ˜Š,Good service,2024-02-06
348,ğŸ˜Š,Good service,2023-06-24
95,ğŸ˜,Excellent experience,2023-12-25
377,ğŸ˜Š,Good service,2024-02-16
609,ğŸ˜Š,Good service,2023-12-22
398,ğŸ˜,Excellent experience,2023-11-12
20,ğŸ˜,Okay service,2023-08-10
84,ğŸ˜Ÿ,Not satisfied,2024-01-07
309,ğŸ˜,Excellent experience,2024-04-18
428,ğŸ˜Ÿ,Not satisfied,2024-05-26
54,ğŸ˜Ÿ,Not satisfied,2023-12-14
82,ğŸ˜Ÿ,Not satisfied,2024-05-11
664,ğŸ˜¡,Terrible experience,2023-12-08
148,ğŸ˜¡,Terrible experience,2023-11-10
682,ğŸ˜Š,Good service,2023-08-21
685,ğŸ˜,Okay service,2024-03-01
897,ğŸ˜,Excellent experience,2024-02-11
706,ğŸ˜,Okay service,2024-05-17
215,ğŸ˜Š,Good service,2024-01-06
372,ğŸ˜Ÿ,Not satisfied,2023-08-04
104,ğŸ˜,Excellent experience,2024-06-08
889,ğŸ˜¡,Terrible experience,2024-02-28
861,ğŸ˜,Excellent experience,2023-06-28
262,ğŸ˜Ÿ,Not satisfied,2024-05-29
833,ğŸ˜,Okay service,2023-09-02
796,ğŸ˜Ÿ,Not satisfied,2023-12-27
32,ğŸ˜,Excellent experience,2024-03-28
581,ğŸ˜,Excellent experience,2023-11-15
458,ğŸ˜Š,Good service,2024-03-20
264,ğŸ˜Ÿ,Not satisfied,2023-08-06
395,ğŸ˜,Okay service,2024-03-26
363,ğŸ˜,Okay service,2023-10-25
376,ğŸ˜,Excellent experience,2024-02-05
698,ğŸ˜Ÿ,Not satisfied,2023-06-23
562,ğŸ˜¡,Terrible experience,2024-01-26
398,ğŸ˜,Okay service,2023-10-19
588,ğŸ˜,Excellent experience,2023-07-17
623,ğŸ˜Ÿ,Not satisfied,2023-08-17
396,ğŸ˜Ÿ,Not satisfied,2024-04-10
864,ğŸ˜,Excellent experience,2024-01-07
661,ğŸ˜,Okay service,2024-02-13
289,ğŸ˜Š,Good service,2024-06-10
913,ğŸ˜,Excellent experience,2024-04-04
977,ğŸ˜,Okay service,2024-06-09
258,ğŸ˜Ÿ,Not satisfied,2024-03-20
811,ğŸ˜,Okay service,2023-08-16
253,ğŸ˜¡,Terrible experience,2023-08-02
379,ğŸ˜Š,Good service,2023-07-12
694,ğŸ˜Ÿ,Not satisfied,2024-05-27
826,ğŸ˜,Okay service,2023-09-19
740,ğŸ˜,Excellent experience,2024-05-02
362,ğŸ˜Ÿ,Not satisfied,2024-01-08
295,ğŸ˜,Excellent experience,2023-06-20
235,ğŸ˜Š,Good service,2024-01-22
500,ğŸ˜,Okay service,2024-05-05
237,ğŸ˜Ÿ,Not satisfied,2024-03-05
940,ğŸ˜,Excellent experience,2023-12-15
297,ğŸ˜,Excellent experience,2024-04-01
459,ğŸ˜Ÿ,Not satisfied,2024-03-05
458,ğŸ˜,Okay service,2024-02-16
315,ğŸ˜Ÿ,Not satisfied,2023-08-03
894,ğŸ˜,Excellent experience,2024-04-24
452,ğŸ˜Ÿ,Not satisfied,2024-01-24
403,ğŸ˜,Excellent experience,2024-05-23
164,ğŸ˜,Excellent experience,2023-11-27
482,ğŸ˜Ÿ,Not satisfied,2024-01-11
120,ğŸ˜¡,Terrible experience,2023-06-26
764,ğŸ˜Š,Good service,2023-08-17
553,ğŸ˜,Okay service,2024-03-03
494,ğŸ˜¡,Terrible experience,2023-12-16
697,ğŸ˜¡,Terrible experience,2024-02-23
189,ğŸ˜¡,Terrible experience,2023-11-05
752,ğŸ˜¡,Terrible experience,2023-12-06
903,ğŸ˜,Excellent experience,2023-06-24
410,ğŸ˜,Excellent experience,2024-01-22
566,ğŸ˜,Okay service,2023-09-08
970,ğŸ˜,Okay service,2024-06-13
579,ğŸ˜,Excellent experience,2023-12-09
980,ğŸ˜Š,Good service,2024-03-03
27,ğŸ˜Š,Good service,2023-11-06
33,ğŸ˜Š,Good service,2023-11-12
309,ğŸ˜,Excellent experience,2024-05-02
94,ğŸ˜,Excellent experience,2024-01-26
572,ğŸ˜Š,Good service,2023-11-20
210,ğŸ˜Ÿ,Not satisfied,2024-04-12
749,ğŸ˜Ÿ,Not satisfied,2024-06-05
437,ğŸ˜Š,Good service,2024-04-15
6,ğŸ˜¡,Terrible experience,2024-03-17
258,ğŸ˜,Okay service,2024-02-27
247,ğŸ˜,Excellent experience,2024-05-13
575,ğŸ˜Š,Good service,2024-01-25
120,ğŸ˜Ÿ,Not satisfied,2024-04-18
332,ğŸ˜,Excellent experience,2023-10-27
6,ğŸ˜Ÿ,Not satisfied,2024-02-17
662,ğŸ˜,Excellent experience,2023-08-13
38,ğŸ˜,Okay service,2024-03-01
304,ğŸ˜Š,Good service,2023-11-10
203,ğŸ˜,Excellent experience,2023-12-19
288,ğŸ˜Ÿ,Not satisfied,2024-05-11
707,ğŸ˜Ÿ,Not satisfied,2023-10-17
977,ğŸ˜Ÿ,Not satisfied,2024-01-21
391,ğŸ˜¡,Terrible experience,2023-11-08
855,ğŸ˜¡,Terrible experience,2024-02-24
80,ğŸ˜,Excellent experience,2024-05-07
158,ğŸ˜Ÿ,Not satisfied,2024-05-01
626,ğŸ˜¡,Terrible experience,2023-12-01
285,ğŸ˜Ÿ,Not satisfied,2023-09-18
934,ğŸ˜Š,Good service,2023-12-04
562,ğŸ˜Š,Good service,2023-11-25
795,ğŸ˜,Okay service,2024-01-04
426,ğŸ˜Ÿ,Not satisfied,2024-02-08
238,ğŸ˜,Okay service,2024-03-13
47,ğŸ˜,Okay service,2023-11-18
871,ğŸ˜Š,Good service,2023-06-18
113,ğŸ˜Š,Good service,2023-12-09
985,ğŸ˜,Okay service,2023-10-17
793,ğŸ˜Š,Good service,2024-05-29
436,ğŸ˜¡,Terrible experience,2023-12-14
413,ğŸ˜Š,Good service,2023-11-16
789,ğŸ˜¡,Terrible experience,2024-06-11
783,ğŸ˜,Excellent experience,2023-06-21
252,ğŸ˜,Excellent experience,2024-04-14
25,ğŸ˜,Okay service,2023-08-04
275,ğŸ˜Ÿ,Not satisfied,2023-12-13
402,ğŸ˜,Excellent experience,2023-10-28
194,ğŸ˜¡,Terrible experience,2024-05-11
151,ğŸ˜Š,Good service,2023-11-16
477,ğŸ˜Š,Good service,2024-05-13
736,ğŸ˜Ÿ,Not satisfied,2023-10-28
328,ğŸ˜Š,Good service,2023-11-24
668,ğŸ˜,Excellent experience,2023-11-03
812,ğŸ˜,Okay service,2024-03-22
987,ğŸ˜Š,Good service,2024-02-18
759,ğŸ˜¡,Terrible experience,2024-02-24
987,ğŸ˜Ÿ,Not satisfied,2023-12-19
604,ğŸ˜,Excellent experience,2024-05-18
336,ğŸ˜,Okay service,2023-10-28
618,ğŸ˜Š,Good service,2024-05-17
618,ğŸ˜Š,Good service,2024-02-22
982,ğŸ˜,Okay service,2024-04-03
245,ğŸ˜Ÿ,Not satisfied,2024-04-19
631,ğŸ˜Š,Good service,2024-03-09
446,ğŸ˜,Okay service,2024-03-04
262,ğŸ˜Ÿ,Not satisfied,2023-06-21
466,ğŸ˜Ÿ,Not satisfied,2024-04-01
137,ğŸ˜,Okay service,2024-02-28
350,ğŸ˜¡,Terrible experience,2023-10-19
228,ğŸ˜Ÿ,Not satisfied,2023-10-30
159,ğŸ˜¡,Terrible experience,2023-12-04
254,ğŸ˜Š,Good service,2024-02-06
569,ğŸ˜Ÿ,Not satisfied,2024-01-22
300,ğŸ˜Š,Good service,2023-09-19
661,ğŸ˜¡,Terrible experience,2023-07-23
857,ğŸ˜,Okay service,2023-09-17
745,ğŸ˜,Okay service,2023-08-15
974,ğŸ˜Ÿ,Not satisfied,2023-06-29
864,ğŸ˜,Excellent experience,2024-04-16
826,ğŸ˜,Okay service,2023-07-11
998,ğŸ˜Ÿ,Not satisfied,2024-05-03
66,ğŸ˜,Excellent experience,2023-08-31
421,ğŸ˜,Excellent experience,2023-12-29
926,ğŸ˜,Okay service,2024-01-04
178,ğŸ˜Ÿ,Not satisfied,2024-03-06
494,ğŸ˜,Okay service,2023-06-15
539,ğŸ˜Š,Good service,2023-10-04
43,ğŸ˜,Excellent experience,2024-03-17
980,ğŸ˜¡,Terrible experience,2023-09-22
154,ğŸ˜¡,Terrible experience,2024-06-03
986,ğŸ˜,Okay service,2024-01-16
586,ğŸ˜,Excellent experience,2024-03-03
165,ğŸ˜,Excellent experience,2023-07-15
891,ğŸ˜,Excellent experience,2024-02-12
783,ğŸ˜,Okay service,2024-01-11
894,ğŸ˜Š,Good service,2023-09-16
513,ğŸ˜,Excellent experience,2023-10-30
197,ğŸ˜Š,Good service,2023-12-19
242,ğŸ˜Š,Good service,2023-11-18
599,ğŸ˜¡,Terrible experience,2023-10-30
119,ğŸ˜,Okay service,2023-11-09
518,ğŸ˜¡,Terrible experience,2023-11-30
641,ğŸ˜Ÿ,Not satisfied,2023-11-04
51,ğŸ˜Š,Good service,2024-06-04
60,ğŸ˜Ÿ,Not satisfied,2024-01-08
705,ğŸ˜,Okay service,2023-07-22
494,ğŸ˜¡,Terrible experience,2023-12-18
758,ğŸ˜Š,Good service,2024-04-10
744,ğŸ˜Ÿ,Not satisfied,2024-05-07
55,ğŸ˜Ÿ,Not satisfied,2023-11-19
955,ğŸ˜Ÿ,Not satisfied,2024-01-12
383,ğŸ˜,Excellent experience,2023-10-17
746,ğŸ˜,Excellent experience,2023-07-25
374,ğŸ˜¡,Terrible experience,2023-12-01
375,ğŸ˜Š,Good service,2023-08-10
269,ğŸ˜Ÿ,Not satisfied,2024-05-08
889,ğŸ˜Ÿ,Not satisfied,2024-04-03
627,ğŸ˜Ÿ,Not satisfied,2023-07-10
392,ğŸ˜,Excellent experience,2023-10-13
844,ğŸ˜¡,Terrible experience,2023-08-31
227,ğŸ˜Ÿ,Not satisfied,2024-01-14
228,ğŸ˜Ÿ,Not satisfied,2023-08-14
742,ğŸ˜Š,Good service,2024-02-09
327,ğŸ˜,Excellent experience,2023-07-17
77,ğŸ˜,Okay service,2023-07-23
352,ğŸ˜,Okay service,2024-02-27
456,ğŸ˜¡,Terrible experience,2024-04-29
72,ğŸ˜Ÿ,Not satisfied,2024-06-04
